timestamp,temperature,humidity
2025-11-04T10:57:45.456966,26.5,84.0
2025-11-04T10:57:47.733692,26.4,84.0
2025-11-04T10:57:48.872118,26.4,84.0
2025-11-04T10:57:51.149209,26.4,84.0
2025-11-04T10:57:53.425775,26.5,84.0
2025-11-04T10:57:55.702362,26.5,84.0
2025-11-04T10:57:57.979389,26.5,84.0
2025-11-04T10:58:01.393693,26.6,84.0
2025-11-04T10:58:02.535027,26.6,84.0
2025-11-04T10:58:04.814685,26.6,84.0
2025-11-04T10:58:07.091276,26.6,84.0
2025-11-04T10:58:08.230365,26.6,84.0
2025-11-04T10:58:09.369041,26.6,84.0
2025-11-04T10:58:10.518733,26.6,84.0
2025-11-04T10:58:11.657237,26.6,84.0
2025-11-04T10:58:13.933603,26.6,84.0
2025-11-04T10:58:16.210722,26.6,83.0
2025-11-04T10:58:18.487779,26.7,83.0
2025-11-04T10:58:19.626504,26.7,83.0
2025-11-04T10:58:20.765463,26.7,83.0
2025-11-04T10:58:21.904232,26.7,83.0
2025-11-04T10:58:23.042917,26.7,83.0
2025-11-04T10:58:26.457067,26.7,83.0
2025-11-04T10:58:27.595839,26.7,83.0
2025-11-04T10:58:28.734702,26.7,83.0
2025-11-04T10:58:31.011601,26.7,84.0
2025-11-04T10:58:32.150212,26.7,83.0
2025-11-04T10:58:33.289104,26.7,83.0
2025-11-04T10:58:35.565759,26.7,83.0
2025-11-04T10:58:44.673227,26.7,83.0
2025-11-04T10:58:46.950560,26.7,83.0
2025-11-04T10:58:52.640579,26.7,83.0
2025-11-04T10:58:54.917171,26.8,83.0
2025-11-04T10:58:57.194226,26.8,83.0
2025-11-04T10:58:59.470926,26.8,83.0
2025-11-04T10:59:02.885617,26.8,83.0
2025-11-04T10:59:04.024497,26.8,83.0
2025-11-04T10:59:07.438892,26.8,83.0
2025-11-04T10:59:09.715757,26.8,83.0
2025-11-04T10:59:10.854268,26.8,83.0
2025-11-04T10:59:14.268814,26.8,83.0
2025-11-04T10:59:16.545489,26.9,83.0
2025-11-04T10:59:17.684437,26.9,83.0
2025-11-04T10:59:21.104425,26.8,83.0
2025-11-04T10:59:22.242913,26.8,83.0
2025-11-04T10:59:25.656750,26.8,83.0
2025-11-04T10:59:26.795621,26.9,83.0
2025-11-04T10:59:27.934042,26.8,83.0
2025-11-04T10:59:29.073084,26.8,83.0
2025-11-04T10:59:32.487447,26.8,83.0
2025-11-04T10:59:34.763723,26.9,83.0
2025-11-04T10:59:40.454721,26.8,83.0
2025-11-04T10:59:41.593389,26.8,83.0
2025-11-04T10:59:43.872599,26.9,83.0
2025-11-04T10:59:50.700683,26.8,83.0
2025-11-04T10:59:52.977366,26.8,83.0
2025-11-04T10:59:55.254859,26.8,83.0
2025-11-04T10:59:56.393714,26.8,83.0
2025-11-04T10:59:57.533196,26.8,83.0
2025-11-04T11:00:04.361744,26.8,83.0
2025-11-04T11:00:07.783887,26.9,83.0
2025-11-04T11:00:08.922506,26.9,83.0
2025-11-04T11:00:11.199207,26.8,83.0
2025-11-04T11:00:13.475818,26.8,83.0
2025-11-04T11:00:14.614545,26.9,83.0
2025-11-04T11:00:15.753597,26.8,83.0
2025-11-04T11:00:16.897449,26.8,83.0
2025-11-04T11:00:18.036695,26.8,83.0
2025-11-04T11:00:19.175459,26.8,83.0
2025-11-04T11:00:20.318898,26.8,83.0
2025-11-04T11:00:21.457614,26.8,83.0
2025-11-04T11:00:24.872120,26.8,83.0
2025-11-04T11:00:26.010874,26.8,83.0
2025-11-04T11:00:27.149557,26.8,83.0
2025-11-04T11:00:28.288210,26.8,83.0
2025-11-04T11:00:31.702590,26.8,83.0
2025-11-04T11:00:32.841550,26.8,83.0
2025-11-04T11:00:33.980414,26.8,84.0
2025-11-04T11:00:35.119381,26.8,83.0
2025-11-04T11:00:36.258054,26.7,84.0
2025-11-04T11:00:39.672972,26.8,83.0
2025-11-04T11:00:44.230492,26.8,83.0
2025-11-04T11:00:47.645496,26.8,83.0
2025-11-04T11:00:49.921963,26.8,83.0
2025-11-04T11:00:51.060780,26.8,83.0
2025-11-04T11:00:52.199096,26.8,83.0
2025-11-04T11:00:59.027788,26.8,84.0
2025-11-04T11:01:00.166711,26.8,83.0
2025-11-04T11:01:02.444441,26.8,84.0
2025-11-04T11:01:05.857963,26.8,83.0
2025-11-04T11:01:06.996767,26.7,83.0
2025-11-04T11:01:08.135810,26.8,84.0
2025-11-04T11:01:10.413736,26.7,83.0
2025-11-04T11:01:12.690715,26.8,83.0
2025-11-04T11:01:17.242897,26.7,84.0
2025-11-04T11:01:19.520149,26.7,84.0
2025-11-04T11:01:20.658910,26.7,84.0
2025-11-04T11:01:21.797783,26.7,84.0
2025-11-04T11:01:24.075813,26.7,84.0
2025-11-04T11:01:26.353267,26.7,84.0
2025-11-04T11:01:29.768349,26.7,84.0
2025-11-04T11:01:30.907538,26.7,84.0
2025-11-04T11:01:33.184074,26.7,84.0
2025-11-04T11:01:34.322857,26.7,84.0
2025-11-04T11:01:35.461960,26.7,84.0
2025-11-04T11:01:37.742538,26.7,84.0
2025-11-04T11:01:38.884687,26.7,84.0
2025-11-04T11:01:42.301970,26.7,84.0
2025-11-04T11:01:44.578645,26.7,84.0
2025-11-04T11:01:45.717652,26.7,84.0
2025-11-04T11:01:47.994689,26.7,84.0
2025-11-04T11:01:51.409201,26.7,84.0
2025-11-04T11:01:52.547768,26.7,84.0
2025-11-04T11:01:54.825050,26.7,84.0
2025-11-04T11:01:55.964018,26.7,84.0
2025-11-04T11:01:57.102742,26.7,84.0
2025-11-04T11:01:58.242249,26.7,84.0
2025-11-04T11:02:01.656861,26.7,84.0
2025-11-04T11:02:03.933347,26.7,84.0
2025-11-04T11:02:07.348313,26.7,84.0
2025-11-04T11:02:09.625137,26.7,84.0
2025-11-04T11:02:13.044823,26.7,84.0
2025-11-04T11:02:18.741348,26.7,84.0
2025-11-04T11:02:19.880232,26.7,84.0
2025-11-04T11:02:21.018819,26.7,84.0
2025-11-04T11:02:22.157699,26.7,84.0
2025-11-04T11:02:23.297446,26.7,84.0
2025-11-04T11:02:24.436329,26.7,84.0
2025-11-04T11:02:25.574862,26.7,84.0
2025-11-04T11:02:28.988904,26.7,84.0
2025-11-04T11:02:32.403564,26.7,84.0
2025-11-04T11:02:33.542234,26.7,84.0
2025-11-04T11:02:36.958151,26.7,84.0
2025-11-04T11:02:38.097147,26.7,84.0
2025-11-04T11:02:39.236481,26.6,84.0
2025-11-04T11:02:41.512887,26.6,84.0
2025-11-04T11:02:43.790834,26.6,84.0
2025-11-04T11:02:46.069478,26.7,84.0
2025-11-04T11:02:47.208317,26.6,84.0
2025-11-04T11:02:48.346941,26.6,84.0
2025-11-04T11:02:49.485462,26.6,84.0
2025-11-04T11:02:54.042060,26.6,84.0
2025-11-04T11:02:55.181007,26.6,84.0
2025-11-04T11:02:57.461715,26.6,84.0
2025-11-04T11:03:02.028305,26.7,84.0
2025-11-04T11:03:03.167519,26.6,84.0
2025-11-04T11:03:05.443737,26.7,84.0
2025-11-04T11:03:09.996179,26.6,84.0
2025-11-04T11:03:11.134866,26.7,84.0
2025-11-04T11:03:13.410959,26.6,84.0
2025-11-04T11:03:16.825474,26.6,84.0
2025-11-04T11:03:17.964133,26.7,84.0
2025-11-04T11:03:20.240650,26.7,84.0
2025-11-04T11:03:25.931967,26.7,84.0
2025-11-04T11:03:27.070681,26.6,84.0
2025-11-04T11:03:29.347839,26.6,85.0
2025-11-04T11:03:32.765806,26.6,84.0
2025-11-04T11:03:33.904745,26.6,85.0
2025-11-04T11:03:38.456054,26.6,84.0
2025-11-04T11:03:41.869810,26.6,84.0
2025-11-04T11:03:43.008572,26.7,84.0
2025-11-04T11:03:44.146920,26.6,84.0
2025-11-04T11:03:45.285582,26.7,84.0
2025-11-04T11:03:46.424154,26.6,84.0
2025-11-04T11:03:47.562597,26.6,84.0
2025-11-04T11:03:48.701317,26.7,84.0
2025-11-04T11:03:49.839974,26.6,84.0
2025-11-04T11:03:50.978618,26.6,84.0
2025-11-04T11:03:52.117301,26.6,84.0
2025-11-04T11:03:53.256104,26.6,84.0
2025-11-04T11:03:54.394641,26.6,84.0
2025-11-04T11:03:58.948017,26.6,84.0
2025-11-04T11:04:01.223940,26.6,84.0
2025-11-04T11:04:02.362640,26.6,84.0
2025-11-04T11:04:05.781875,26.6,85.0
2025-11-04T11:04:08.058633,26.7,84.0
2025-11-04T11:04:09.197361,26.7,85.0
2025-11-04T11:04:10.336387,26.7,84.0
2025-11-04T11:04:11.474977,26.7,84.0
2025-11-04T11:04:14.889486,26.7,85.0
2025-11-04T11:04:16.028615,26.6,84.0
2025-11-04T11:04:18.305463,26.7,85.0
2025-11-04T11:04:28.547906,26.7,85.0
2025-11-04T11:04:29.686605,26.7,85.0
2025-11-04T11:04:30.825882,26.7,85.0
2025-11-04T11:04:34.241676,26.7,85.0
2025-11-04T11:04:35.380738,26.7,85.0
2025-11-04T11:04:37.657490,26.7,85.0
2025-11-04T11:04:38.797102,26.7,85.0
2025-11-04T11:04:47.901828,26.7,85.0
2025-11-04T11:04:50.179302,26.7,85.0
2025-11-04T11:04:53.593145,26.7,85.0
2025-11-04T11:04:54.732366,26.7,85.0
2025-11-04T11:04:57.009234,26.7,85.0
2025-11-04T11:04:59.286721,26.7,85.0
2025-11-04T11:05:00.425643,26.7,85.0
2025-11-04T11:05:02.702651,26.7,85.0
2025-11-04T11:05:07.256253,26.7,85.0
2025-11-04T11:05:10.673555,26.7,85.0
2025-11-04T11:05:11.813169,26.7,85.0
2025-11-04T11:05:12.952467,26.7,85.0
2025-11-04T11:05:15.229411,26.7,85.0
2025-11-04T11:05:16.371205,26.7,85.0
2025-11-04T11:05:17.511077,26.7,85.0
2025-11-04T11:05:18.649867,26.7,85.0
2025-11-04T11:05:19.788600,26.7,85.0
2025-11-04T11:05:22.064774,26.6,85.0
2025-11-04T11:05:28.897070,26.6,85.0
2025-11-04T11:05:36.868085,26.6,85.0
2025-11-04T11:05:38.007061,26.6,85.0
2025-11-04T11:05:39.148412,26.6,85.0
2025-11-04T11:05:40.292346,26.6,85.0
2025-11-04T11:05:42.568711,26.6,85.0
2025-11-04T11:05:43.707052,26.6,85.0
2025-11-04T11:05:45.984268,26.6,85.0
2025-11-04T11:05:47.123580,26.6,85.0
2025-11-04T11:05:48.262857,26.6,85.0
2025-11-04T11:05:50.545433,26.6,85.0
2025-11-04T11:05:53.960368,26.6,85.0
2025-11-04T11:05:55.100609,26.6,85.0
2025-11-04T11:05:59.653495,26.6,85.0
2025-11-04T11:06:01.930297,26.6,85.0
2025-11-04T11:06:04.207162,26.6,85.0
2025-11-04T11:06:06.484332,26.6,85.0
2025-11-04T11:06:08.761241,26.6,85.0
2025-11-04T11:06:11.038975,26.6,85.0
2025-11-04T11:06:12.178211,26.6,85.0
2025-11-04T11:06:13.318910,26.6,85.0
2025-11-04T11:06:14.457717,26.6,85.0
2025-11-04T11:06:15.596226,26.6,85.0
2025-11-04T11:06:17.872384,26.6,85.0
2025-11-04T11:06:20.148753,26.6,85.0
2025-11-04T11:06:22.429215,26.6,85.0
2025-11-04T11:06:24.705591,26.6,85.0
2025-11-04T11:06:25.844176,26.6,85.0
2025-11-04T11:06:29.258016,26.6,85.0
2025-11-04T11:06:31.534743,26.6,85.0
2025-11-04T11:06:32.673692,26.6,85.0
2025-11-04T11:06:33.812608,26.6,85.0
2025-11-04T11:06:36.089216,26.6,85.0
2025-11-04T11:06:38.365867,26.6,85.0
2025-11-04T11:06:40.642113,26.6,85.0
2025-11-04T11:06:41.781120,26.6,85.0
2025-11-04T11:06:46.333425,26.6,85.0
2025-11-04T11:06:47.472546,26.6,85.0
2025-11-04T11:06:50.893828,26.6,85.0
2025-11-04T11:06:52.032589,26.6,85.0
2025-11-04T11:06:54.310570,26.6,85.0
2025-11-04T11:06:56.588194,26.6,85.0
2025-11-04T11:06:58.865109,26.6,85.0
2025-11-04T11:07:00.010837,26.6,85.0
2025-11-04T11:07:01.149635,26.6,85.0
2025-11-04T11:07:04.564565,26.6,85.0
2025-11-04T11:07:06.841386,26.6,85.0
2025-11-04T11:07:09.120344,26.6,85.0
2025-11-04T11:07:12.536064,26.6,85.0
2025-11-04T11:07:14.815560,26.6,85.0
2025-11-04T11:07:21.643261,26.6,85.0
2025-11-04T11:07:26.197334,26.6,85.0
2025-11-04T11:07:27.339062,26.6,85.0
2025-11-04T11:07:30.754020,26.6,85.0
2025-11-04T11:07:35.309645,26.6,85.0
2025-11-04T11:07:38.724182,26.6,85.0
2025-11-04T11:07:39.862959,26.6,85.0
2025-11-04T11:07:41.002112,26.6,85.0
2025-11-04T11:07:42.141217,26.6,85.0
2025-11-04T11:07:45.556375,26.6,85.0
2025-11-04T11:07:50.108508,26.6,85.0
2025-11-04T11:07:53.523053,26.6,85.0
2025-11-04T11:07:54.662059,26.6,85.0
2025-11-04T11:07:55.801274,26.6,85.0
2025-11-04T11:07:58.077743,26.6,85.0
2025-11-04T11:08:01.492088,26.6,85.0
2025-11-04T11:08:02.630599,26.6,85.0
2025-11-04T11:08:03.769535,26.6,85.0
2025-11-04T11:08:04.908550,26.6,85.0
2025-11-04T11:08:07.189345,26.6,85.0
2025-11-04T11:08:08.328346,26.6,85.0
2025-11-04T11:08:09.467227,26.6,85.0
2025-11-04T11:08:11.745459,26.6,85.0
2025-11-04T11:08:18.574153,26.6,85.0
2025-11-04T11:08:26.541318,26.6,85.0
2025-11-04T11:08:28.818801,26.6,85.0
2025-11-04T11:08:32.238576,26.6,85.0
2025-11-04T11:08:33.377576,26.6,85.0
2025-11-04T11:08:35.654476,26.6,85.0
2025-11-04T11:08:37.931403,26.6,85.0
2025-11-04T11:08:41.347174,26.6,85.0
2025-11-04T11:08:43.624611,26.6,85.0
2025-11-04T11:08:47.040551,26.6,85.0
2025-11-04T11:08:48.179659,26.6,85.0
2025-11-04T11:08:53.870474,26.6,85.0
2025-11-04T11:08:55.009341,26.6,85.0
2025-11-04T11:08:59.562030,26.6,85.0
2025-11-04T11:09:00.701414,26.6,85.0
2025-11-04T11:09:02.978733,26.6,85.0
2025-11-04T11:09:05.258545,26.6,85.0
2025-11-04T11:09:07.543395,26.6,85.0
2025-11-04T11:09:08.681865,26.6,85.0
2025-11-04T11:09:09.820558,26.6,85.0
2025-11-04T11:09:10.959763,26.6,85.0
2025-11-04T11:09:13.237487,26.6,85.0
2025-11-04T11:09:16.653402,26.6,85.0
2025-11-04T11:09:21.206084,26.6,85.0
2025-11-04T11:09:22.344756,26.6,85.0
2025-11-04T11:09:23.483474,26.6,85.0
2025-11-04T11:09:24.623383,26.6,85.0
2025-11-04T11:09:25.762472,26.6,85.0
2025-11-04T11:09:29.177398,26.6,85.0
2025-11-04T11:09:31.456745,26.6,85.0
2025-11-04T11:09:32.595052,26.6,85.0
2025-11-04T11:09:33.734275,26.6,85.0
2025-11-04T11:09:36.012109,26.6,85.0
2025-11-04T11:09:38.288860,26.6,85.0
2025-11-04T11:09:43.979407,26.7,85.0
2025-11-04T11:09:45.118053,26.6,85.0
2025-11-04T11:09:46.257581,26.6,85.0
2025-11-04T11:09:47.396524,26.6,85.0
2025-11-04T11:09:48.536161,26.6,85.0
2025-11-04T11:09:49.675365,26.6,85.0
2025-11-04T11:09:51.955399,26.7,85.0
2025-11-04T11:09:55.370026,26.7,85.0
2025-11-04T11:09:56.509114,26.7,85.0
2025-11-04T11:09:57.648178,26.7,85.0
2025-11-04T11:09:59.925139,26.7,85.0
2025-11-04T11:10:01.064335,26.7,85.0
2025-11-04T11:10:03.342638,26.7,85.0
2025-11-04T11:10:05.622164,26.7,85.0
2025-11-04T11:10:06.761074,26.7,85.0
2025-11-04T11:10:09.037839,26.7,85.0
2025-11-04T11:10:10.177263,26.7,85.0
2025-11-04T11:10:12.454628,26.7,85.0
2025-11-04T11:10:13.593935,26.7,85.0
2025-11-04T11:10:17.009378,26.7,85.0
2025-11-04T11:10:20.424211,26.7,85.0
2025-11-04T11:10:22.701541,26.7,85.0
2025-11-04T11:10:23.840692,26.7,85.0
2025-11-04T11:10:24.980467,26.7,85.0
2025-11-04T11:10:26.120907,26.7,85.0
2025-11-04T11:10:30.673538,26.7,85.0
2025-11-04T11:10:31.812302,26.7,85.0
2025-11-04T11:10:36.364630,26.7,85.0
2025-11-04T11:10:38.644581,26.7,85.0
2025-11-04T11:10:40.920940,26.7,85.0
2025-11-04T11:10:43.197610,26.7,85.0
2025-11-04T11:10:45.476309,26.7,85.0
2025-11-04T11:10:47.753624,26.7,85.0
2025-11-04T11:10:50.031193,26.7,85.0
2025-11-04T11:10:53.448400,26.7,85.0
2025-11-04T11:10:54.587247,26.7,85.0
2025-11-04T11:10:56.864130,26.7,86.0
2025-11-04T11:10:58.003161,26.7,86.0
2025-11-04T11:11:01.418754,26.9,95.0
2025-11-04T11:11:03.696129,27.0,95.0
2025-11-04T11:11:05.973398,27.0,95.0
2025-11-04T11:11:09.388046,26.9,95.0
2025-11-04T11:11:10.526808,26.9,95.0
2025-11-04T11:11:16.217451,26.8,94.0
2025-11-04T11:11:18.494401,26.9,91.0
2025-11-04T11:11:19.633222,26.8,90.0
2025-11-04T11:11:20.772217,26.8,89.0
2025-11-04T11:11:21.910992,26.8,89.0
2025-11-04T11:11:23.049748,26.8,88.0
2025-11-04T11:11:24.188424,26.8,88.0
2025-11-04T11:11:25.327231,26.8,88.0
2025-11-04T11:11:27.603999,26.7,87.0
2025-11-04T11:11:28.742761,26.8,87.0
2025-11-04T11:11:29.881881,26.7,87.0
2025-11-04T11:11:31.020756,26.7,87.0
2025-11-04T11:11:32.159861,26.7,87.0
2025-11-04T11:11:33.298759,26.7,86.0
2025-11-04T11:11:34.437910,26.7,87.0
2025-11-04T11:11:35.577221,26.7,87.0
2025-11-04T11:11:36.716342,26.7,86.0
2025-11-04T11:11:38.992768,26.7,86.0
2025-11-04T11:11:41.269573,26.7,86.0
2025-11-04T11:11:42.409185,26.7,86.0
2025-11-04T11:11:43.548481,26.7,86.0
2025-11-04T11:11:48.101975,26.7,86.0
2025-11-04T11:11:49.242256,26.7,86.0
2025-11-04T11:11:52.657630,26.7,86.0
2025-11-04T11:11:56.073271,26.7,86.0
2025-11-04T11:11:58.350221,26.7,86.0
2025-11-04T11:11:59.489289,26.7,86.0
2025-11-04T11:12:00.627959,26.7,86.0
2025-11-04T11:12:01.767056,26.7,86.0
2025-11-04T11:12:04.044118,26.7,86.0
2025-11-04T11:12:05.182930,26.7,86.0
2025-11-04T11:12:07.460122,26.7,86.0
2025-11-04T11:12:09.736814,26.6,86.0
2025-11-04T11:12:10.875358,26.6,86.0
2025-11-04T11:12:13.160571,26.6,86.0
2025-11-04T11:12:14.299241,26.6,86.0
2025-11-04T11:12:17.713432,26.6,86.0
2025-11-04T11:12:18.852396,26.6,86.0
2025-11-04T11:12:21.129057,26.6,86.0
2025-11-04T11:12:23.412790,26.6,86.0
2025-11-04T11:12:25.692577,26.6,86.0
2025-11-04T11:12:26.830941,26.6,86.0
2025-11-04T11:12:27.969881,26.6,86.0
2025-11-04T11:12:30.246577,26.6,86.0
2025-11-04T11:12:31.385436,26.6,86.0
2025-11-04T11:12:32.524211,26.6,86.0
2025-11-04T11:12:33.669506,26.6,86.0
2025-11-04T11:12:34.808720,26.6,86.0
2025-11-04T11:12:41.636061,26.5,86.0
2025-11-04T11:12:45.050650,26.5,86.0
2025-11-04T11:12:46.189644,26.5,86.0
2025-11-04T11:12:48.466660,26.5,86.0
2025-11-04T11:12:49.605416,26.6,86.0
2025-11-04T11:12:51.882657,26.5,86.0
2025-11-04T11:12:53.021665,26.5,87.0
2025-11-04T11:12:56.436400,26.6,86.0
2025-11-04T11:12:57.574862,26.5,86.0
2025-11-04T11:12:58.713585,26.5,87.0
2025-11-04T11:12:59.852334,26.5,86.0
2025-11-04T11:13:02.129374,26.5,87.0
2025-11-04T11:13:06.682299,26.5,87.0
2025-11-04T11:13:07.821184,26.5,87.0
2025-11-04T11:13:08.960116,26.5,86.0
2025-11-04T11:13:11.236733,26.5,86.0
2025-11-04T11:13:14.651709,26.5,87.0
2025-11-04T11:13:15.790411,26.5,87.0
2025-11-04T11:13:16.929197,26.5,86.0
2025-11-04T11:13:18.068267,26.5,87.0
2025-11-04T11:13:20.344863,26.4,87.0
2025-11-04T11:13:21.484107,26.5,87.0
2025-11-04T11:13:24.901684,26.4,87.0
2025-11-04T11:13:30.592402,26.4,87.0
2025-11-04T11:13:31.731068,26.5,87.0
2025-11-04T11:13:32.869534,26.4,87.0
2025-11-04T11:13:35.146327,26.5,87.0
2025-11-04T11:13:37.423753,26.4,87.0
2025-11-04T11:13:38.562518,26.4,87.0
2025-11-04T11:13:39.701673,26.4,87.0
2025-11-04T11:13:40.840650,26.5,87.0
2025-11-04T11:13:41.979374,26.5,87.0
2025-11-04T11:13:46.533081,26.4,87.0
2025-11-04T11:13:47.671776,26.4,87.0
2025-11-04T11:13:48.810477,26.4,87.0
2025-11-04T11:13:51.088067,26.5,87.0
2025-11-04T11:13:55.641059,26.4,87.0
2025-11-04T11:13:56.779580,26.5,87.0
2025-11-04T11:14:02.470752,26.4,87.0
2025-11-04T11:14:03.610097,26.4,87.0
2025-11-04T11:14:04.748725,26.5,87.0
2025-11-04T11:14:05.888018,26.4,87.0
2025-11-04T11:14:07.026763,26.4,87.0
2025-11-04T11:14:12.716452,26.4,87.0
2025-11-04T11:14:13.855178,26.5,87.0
2025-11-04T11:14:16.131940,26.5,87.0
2025-11-04T11:14:17.270613,26.4,87.0
2025-11-04T11:14:18.412908,26.4,87.0
2025-11-04T11:14:19.551406,26.4,87.0
2025-11-04T11:14:20.689867,26.5,87.0
2025-11-04T11:14:21.828655,26.4,87.0
2025-11-04T11:14:24.105923,26.4,87.0
2025-11-04T11:14:26.382898,26.4,87.0
2025-11-04T11:14:28.660095,26.4,87.0
2025-11-04T11:14:29.798750,26.4,87.0
2025-11-04T11:14:30.937515,26.4,87.0
2025-11-04T11:14:32.076121,26.4,87.0
2025-11-04T11:14:35.490925,26.4,87.0
2025-11-04T11:14:36.629797,26.4,87.0
2025-11-04T11:14:40.046524,26.4,87.0
2025-11-04T11:14:41.185830,26.4,87.0
2025-11-04T11:14:44.602086,26.5,87.0
2025-11-04T11:14:45.740968,26.4,87.0
2025-11-04T11:14:46.879668,26.4,87.0
2025-11-04T11:14:48.018337,26.4,87.0
2025-11-04T11:14:49.157092,26.4,87.0
2025-11-04T11:14:50.295717,26.4,87.0
2025-11-04T11:14:51.434575,26.4,87.0
2025-11-04T11:14:54.849633,26.4,87.0
2025-11-04T11:14:57.126548,26.3,87.0
2025-11-04T11:14:58.265586,26.4,87.0
2025-11-04T11:14:59.404364,26.4,87.0
2025-11-04T11:15:01.681705,26.4,87.0
2025-11-04T11:15:02.821507,26.4,87.0
2025-11-04T11:15:05.098639,26.4,87.0
2025-11-04T11:15:07.376085,26.3,87.0
2025-11-04T11:15:08.514755,26.4,87.0
2025-11-04T11:15:09.653689,26.4,87.0
2025-11-04T11:15:11.930579,26.4,87.0
2025-11-04T11:15:13.069586,26.4,87.0
2025-11-04T11:15:17.622076,26.4,87.0
2025-11-04T11:15:18.760569,26.3,87.0
2025-11-04T11:15:21.037070,26.3,87.0
2025-11-04T11:15:22.175699,26.4,87.0
2025-11-04T11:15:25.590851,26.3,87.0
2025-11-04T11:15:29.005086,26.3,87.0
2025-11-04T11:15:30.143361,26.3,87.0
2025-11-04T11:15:32.420022,26.3,87.0
2025-11-04T11:15:33.558750,26.4,87.0
2025-11-04T11:15:35.835947,26.4,87.0
2025-11-04T11:15:38.113247,26.4,87.0
2025-11-04T11:15:39.252145,26.4,87.0
2025-11-04T11:15:41.528468,26.4,87.0
2025-11-04T11:15:42.666891,26.4,87.0
2025-11-04T11:15:47.220220,26.3,87.0
2025-11-04T11:15:49.501535,26.3,87.0
2025-11-04T11:15:50.640305,26.3,87.0
2025-11-04T11:15:54.054615,26.4,87.0
2025-11-04T11:15:55.193599,26.4,87.0
2025-11-04T11:15:57.470026,26.3,87.0
2025-11-04T11:15:59.747071,26.4,87.0
2025-11-04T11:16:00.886044,26.4,87.0
2025-11-04T11:16:05.438735,26.4,87.0
2025-11-04T11:16:06.577474,26.4,87.0
2025-11-04T11:16:08.853875,26.4,87.0
2025-11-04T11:16:09.993086,26.4,87.0
2025-11-04T11:16:11.131916,26.3,87.0
2025-11-04T11:16:12.270749,26.3,87.0
2025-11-04T11:16:13.409907,26.3,87.0
2025-11-04T11:16:14.548798,26.4,87.0
2025-11-04T11:16:15.687400,26.4,86.0
2025-11-04T11:16:16.826072,26.4,87.0
2025-11-04T11:16:19.102701,26.4,87.0
2025-11-04T11:16:24.793574,26.3,86.0
2025-11-04T11:16:28.210736,26.3,87.0
2025-11-04T11:16:29.349472,26.4,87.0
2025-11-04T11:16:30.488395,26.4,87.0
2025-11-04T11:16:32.765056,26.4,87.0
2025-11-04T11:16:33.903961,26.4,87.0
2025-11-04T11:16:35.042602,26.3,87.0
2025-11-04T11:16:36.181370,26.4,87.0
2025-11-04T11:16:39.595527,26.4,86.0
2025-11-04T11:16:41.871954,26.3,86.0
2025-11-04T11:16:46.425143,26.3,86.0
2025-11-04T11:16:50.977087,26.3,86.0
2025-11-04T11:16:52.115740,26.4,86.0
2025-11-04T11:16:54.392411,26.2,86.0
2025-11-04T11:16:57.810672,26.4,86.0
2025-11-04T11:16:58.949393,26.2,86.0
2025-11-04T11:17:00.088157,26.3,86.0
2025-11-04T11:17:02.365452,26.3,86.0
2025-11-04T11:17:05.780608,26.2,86.0
2025-11-04T11:17:06.919261,26.3,86.0
2025-11-04T11:17:08.058226,26.3,86.0
2025-11-04T11:17:11.472579,26.2,86.0
2025-11-04T11:17:14.886707,26.2,86.0
2025-11-04T11:17:16.025972,26.2,86.0
2025-11-04T11:17:18.302322,26.2,86.0
2025-11-04T11:17:19.440953,26.2,86.0
2025-11-04T11:17:20.579558,26.2,86.0
2025-11-04T11:17:21.718065,26.2,86.0
2025-11-04T11:17:22.856411,26.1,86.0
2025-11-04T11:17:27.409815,26.2,86.0
2025-11-04T11:17:28.548209,26.2,86.0
2025-11-04T11:17:29.686737,26.2,86.0
2025-11-04T11:17:30.825408,26.2,86.0
2025-11-04T11:17:31.964074,26.2,86.0
2025-11-04T11:17:33.105660,26.2,86.0
2025-11-04T11:17:39.938369,26.2,86.0
2025-11-04T11:17:41.076642,26.2,86.0
2025-11-04T11:17:42.215054,26.1,86.0
2025-11-04T11:17:43.353627,26.1,86.0
2025-11-04T11:17:45.630273,26.1,86.0
2025-11-04T11:17:46.769414,26.1,86.0
2025-11-04T11:17:50.183288,26.1,86.0
2025-11-04T11:17:54.735414,26.1,86.0
2025-11-04T11:17:57.011997,26.1,86.0
2025-11-04T11:17:58.150456,26.1,86.0
2025-11-04T11:17:59.289241,26.1,86.0
2025-11-04T11:18:01.565642,26.1,86.0
2025-11-04T11:18:02.704601,26.1,86.0
2025-11-04T11:18:03.843268,26.1,86.0
2025-11-04T11:18:04.982283,26.1,86.0
2025-11-04T11:18:06.121409,26.1,86.0
2025-11-04T11:18:07.261004,26.1,86.0
2025-11-04T11:18:11.812843,26.1,86.0
2025-11-04T11:18:14.089078,26.1,86.0
2025-11-04T11:18:22.053759,26.1,86.0
2025-11-04T11:18:25.468356,26.1,86.0
2025-11-04T11:18:26.607074,26.1,86.0
2025-11-04T11:18:27.745978,26.1,86.0
2025-11-04T11:18:30.025865,26.1,86.0
2025-11-04T11:18:31.169463,26.1,86.0
2025-11-04T11:18:32.308213,26.1,86.0
2025-11-04T11:18:33.446710,26.1,86.0
2025-11-04T11:18:34.584992,26.1,86.0
2025-11-04T11:18:36.861285,26.1,86.0
2025-11-04T11:18:37.999956,26.1,86.0
2025-11-04T11:18:39.138607,26.1,86.0
2025-11-04T11:18:40.277328,26.1,86.0
2025-11-04T11:18:43.693838,26.0,86.0
2025-11-04T11:18:47.107865,26.1,86.0
2025-11-04T11:18:48.246459,26.1,86.0
2025-11-04T11:18:49.385055,26.0,86.0
2025-11-04T11:18:51.660619,26.0,86.0
2025-11-04T11:18:56.211446,26.0,86.0
2025-11-04T11:18:58.486911,26.0,86.0
2025-11-04T11:19:00.763024,26.0,86.0
2025-11-04T11:19:01.902168,26.0,86.0
2025-11-04T11:19:04.178405,26.0,86.0
2025-11-04T11:19:06.467399,26.0,86.0
2025-11-04T11:19:07.606612,26.0,86.0
2025-11-04T11:19:08.745490,26.0,86.0
2025-11-04T11:19:11.025837,26.0,86.0
2025-11-04T11:19:12.164321,26.0,86.0
2025-11-04T11:19:13.302594,26.0,86.0
2025-11-04T11:19:14.441347,26.0,85.0
2025-11-04T11:19:16.721393,26.0,85.0
2025-11-04T11:19:19.004096,25.9,84.0
2025-11-04T11:19:20.142551,25.9,84.0
2025-11-04T11:19:21.281473,25.9,84.0
2025-11-04T11:19:22.420177,25.9,84.0
2025-11-04T11:19:23.558725,25.9,84.0
2025-11-04T11:19:26.975228,25.9,84.0
2025-11-04T11:19:28.113686,25.9,84.0
2025-11-04T11:19:29.252220,25.9,84.0
2025-11-04T11:19:32.669051,25.9,84.0
2025-11-04T11:19:33.807478,25.9,85.0
2025-11-04T11:19:34.946044,25.9,85.0
2025-11-04T11:19:37.222737,25.9,85.0
2025-11-04T11:19:38.361800,25.9,85.0
2025-11-04T11:19:39.500778,25.9,85.0
2025-11-04T11:19:40.641767,25.9,85.0
2025-11-04T11:19:44.056174,25.9,85.0
2025-11-04T11:19:46.333363,25.9,85.0
2025-11-04T11:19:49.748732,25.9,85.0
2025-11-04T11:19:52.026438,25.9,84.0
2025-11-04T11:19:53.165062,25.9,85.0
2025-11-04T11:19:54.303122,25.9,84.0
2025-11-04T11:19:55.441613,25.9,84.0
2025-11-04T11:19:56.580179,25.9,84.0
2025-11-04T11:19:58.856935,25.9,84.0
2025-11-04T11:20:01.133513,25.9,85.0
2025-11-04T11:20:06.832621,25.9,85.0
2025-11-04T11:20:09.108915,25.9,85.0
2025-11-04T11:20:13.661784,25.9,85.0
2025-11-04T11:20:14.801185,25.9,85.0
2025-11-04T11:20:17.081995,25.9,85.0
2025-11-04T11:20:26.188263,25.9,85.0
2025-11-04T11:20:28.465139,25.9,85.0
2025-11-04T11:20:29.605838,25.9,84.0
2025-11-04T11:20:33.019960,25.9,84.0
2025-11-04T11:20:34.158775,25.9,84.0
2025-11-04T11:20:35.297415,25.9,84.0
2025-11-04T11:20:36.436284,25.9,84.0
2025-11-04T11:20:37.577619,25.9,84.0
2025-11-04T11:20:39.869720,25.9,84.0
2025-11-04T11:20:41.008138,25.9,84.0
2025-11-04T11:20:42.149716,25.9,84.0
2025-11-04T11:20:44.426496,25.9,84.0
2025-11-04T11:20:45.565832,25.9,84.0
2025-11-04T11:20:46.704683,25.9,84.0
2025-11-04T11:20:48.981372,25.9,84.0
2025-11-04T11:20:52.396230,25.9,84.0
2025-11-04T11:20:54.674457,25.9,84.0
2025-11-04T11:20:55.813652,25.9,84.0
2025-11-04T11:20:58.093127,25.9,84.0
2025-11-04T11:20:59.231834,25.9,84.0
2025-11-04T11:21:00.370813,25.9,84.0
2025-11-04T11:21:01.509626,25.9,84.0
2025-11-04T11:21:02.648503,25.9,84.0
2025-11-04T11:21:03.787030,25.9,84.0
2025-11-04T11:21:07.201573,25.9,84.0
2025-11-04T11:21:08.340391,25.8,84.0
2025-11-04T11:21:09.479279,25.8,84.0
2025-11-04T11:21:10.618219,25.8,84.0
2025-11-04T11:21:11.756997,25.8,84.0
2025-11-04T11:21:12.895160,25.8,84.0
2025-11-04T11:21:18.584939,25.8,84.0
2025-11-04T11:21:19.723243,25.8,84.0
2025-11-04T11:21:21.999014,25.8,84.0
2025-11-04T11:21:23.137628,25.8,84.0
2025-11-04T11:21:24.276464,25.8,84.0
2025-11-04T11:21:26.552975,25.8,84.0
2025-11-04T11:21:27.691727,25.8,84.0
2025-11-04T11:21:28.830631,25.8,84.0
2025-11-04T11:21:29.969179,25.8,84.0
2025-11-04T11:21:34.520863,25.8,84.0
2025-11-04T11:21:36.797234,25.8,84.0
2025-11-04T11:21:37.935519,25.8,84.0
2025-11-04T11:21:41.349934,25.8,84.0
2025-11-04T11:21:42.488379,25.8,84.0
2025-11-04T11:21:43.626998,25.8,84.0
2025-11-04T11:21:45.903315,25.8,84.0
2025-11-04T11:21:47.041973,25.8,84.0
2025-11-04T11:21:48.180316,25.8,84.0
2025-11-04T11:21:51.593884,25.8,84.0
2025-11-04T11:21:52.732486,25.8,84.0
2025-11-04T11:21:56.145996,25.8,84.0
2025-11-04T11:21:57.284858,25.8,84.0
2025-11-04T11:21:59.561063,25.7,84.0
2025-11-04T11:22:01.837704,25.7,84.0
2025-11-04T11:22:02.976492,25.7,84.0
2025-11-04T11:22:05.253047,25.7,84.0
2025-11-04T11:22:06.393285,25.7,84.0
2025-11-04T11:22:07.532456,25.7,84.0
2025-11-04T11:22:09.809111,25.7,84.0
2025-11-04T11:22:10.947635,25.7,84.0
2025-11-04T11:22:18.912745,25.6,84.0
2025-11-04T11:22:20.051218,25.6,84.0
2025-11-04T11:22:21.190233,25.6,84.0
2025-11-04T11:22:23.469980,25.6,84.0
2025-11-04T11:22:24.608434,25.6,84.0
2025-11-04T11:22:25.746938,25.6,84.0
2025-11-04T11:22:30.299225,25.6,84.0
2025-11-04T11:22:31.437828,25.6,84.0
2025-11-04T11:22:35.989823,25.6,84.0
2025-11-04T11:22:37.128275,25.6,84.0
2025-11-04T11:22:39.404799,25.6,84.0
2025-11-04T11:22:40.543136,25.6,84.0
2025-11-04T11:22:41.682009,25.6,84.0
2025-11-04T11:22:43.958766,25.5,84.0
2025-11-04T11:22:45.097605,25.6,84.0
2025-11-04T11:22:47.374000,25.6,84.0
2025-11-04T11:22:48.512425,25.5,84.0
2025-11-04T11:22:49.650923,25.6,84.0
2025-11-04T11:22:50.789454,25.5,84.0
2025-11-04T11:22:54.203121,25.5,84.0
2025-11-04T11:22:55.341791,25.5,84.0
2025-11-04T11:22:58.755663,25.5,84.0
2025-11-04T11:22:59.894205,25.5,84.0
2025-11-04T11:23:01.032606,25.5,84.0
2025-11-04T11:23:03.309697,25.5,84.0
2025-11-04T11:23:05.586749,25.5,84.0
2025-11-04T11:23:06.725796,25.5,84.0
2025-11-04T11:23:09.001717,25.5,84.0
2025-11-04T11:23:11.278089,25.5,84.0
2025-11-04T11:23:12.416874,25.5,84.0
2025-11-04T11:23:14.694192,25.5,84.0
2025-11-04T11:23:15.833180,25.5,84.0
2025-11-04T11:23:16.972167,25.5,84.0
2025-11-04T11:23:19.248469,25.5,84.0
2025-11-04T11:23:20.386880,25.5,84.0
2025-11-04T11:23:21.525385,25.5,84.0
2025-11-04T11:23:23.801288,25.5,84.0
2025-11-04T11:23:24.939920,25.5,84.0
2025-11-04T11:23:27.216457,25.5,84.0
2025-11-04T11:23:28.355068,25.5,83.0
2025-11-04T11:23:29.493762,25.5,84.0
2025-11-04T11:23:31.770708,25.5,84.0
2025-11-04T11:23:32.909804,25.6,84.0
2025-11-04T11:23:35.189069,25.5,84.0
2025-11-04T11:23:36.327707,25.5,84.0
2025-11-04T11:23:37.466108,25.5,84.0
2025-11-04T11:23:40.881331,25.5,84.0
2025-11-04T11:23:42.029508,25.5,84.0
2025-11-04T11:23:43.168224,25.5,84.0
2025-11-04T11:23:44.306887,25.5,84.0
2025-11-04T11:23:45.445392,25.5,84.0
2025-11-04T11:23:49.997329,25.5,83.0
2025-11-04T11:23:51.136249,25.5,83.0
2025-11-04T11:23:53.412495,25.5,83.0
2025-11-04T11:23:54.550941,25.5,83.0
2025-11-04T11:23:57.969075,25.5,83.0
2025-11-04T11:24:00.245324,25.4,83.0
2025-11-04T11:24:01.384077,25.5,83.0
2025-11-04T11:24:02.522475,25.4,83.0
2025-11-04T11:24:03.661375,25.5,83.0
2025-11-04T11:24:05.938039,25.5,83.0
2025-11-04T11:24:12.765040,25.4,84.0
2025-11-04T11:24:13.903705,25.4,84.0
2025-11-04T11:24:16.179907,25.4,84.0
2025-11-04T11:24:18.456370,25.4,84.0
2025-11-04T11:24:19.594670,25.4,84.0
2025-11-04T11:24:20.733125,25.4,84.0
2025-11-04T11:24:23.008909,25.4,84.0
2025-11-04T11:24:25.284416,25.5,84.0
2025-11-04T11:24:26.422798,25.4,84.0
2025-11-04T11:24:28.700008,25.4,84.0
2025-11-04T11:24:29.838713,25.4,84.0
2025-11-04T11:24:32.116546,25.4,84.0
2025-11-04T11:24:34.393294,25.4,84.0
2025-11-04T11:24:40.082858,25.4,84.0
2025-11-04T11:24:41.221404,25.5,84.0
2025-11-04T11:24:42.359825,25.4,84.0
2025-11-04T11:24:44.635570,25.4,84.0
2025-11-04T11:24:46.912108,25.4,84.0
2025-11-04T11:24:48.050784,25.4,84.0
2025-11-04T11:24:51.466569,25.4,84.0
2025-11-04T11:24:59.431850,25.4,84.0
2025-11-04T11:25:00.570349,25.3,84.0
2025-11-04T11:25:01.709110,25.3,84.0
2025-11-04T11:25:05.123103,25.4,84.0
2025-11-04T11:25:07.401034,25.3,84.0
2025-11-04T11:25:09.677204,25.4,84.0
2025-11-04T11:25:10.816696,25.4,84.0
2025-11-04T11:25:11.955540,25.4,84.0
2025-11-04T11:25:13.094133,25.4,83.0
2025-11-04T11:25:14.237443,25.4,83.0
2025-11-04T11:25:15.381461,25.4,84.0
2025-11-04T11:25:16.519919,25.4,84.0
2025-11-04T11:25:17.658398,25.3,84.0
2025-11-04T11:25:18.797031,25.3,84.0
2025-11-04T11:25:19.935621,25.4,84.0
2025-11-04T11:25:21.073863,25.3,84.0
2025-11-04T11:25:24.487268,25.4,84.0
2025-11-04T11:25:26.766684,25.3,84.0
2025-11-04T11:25:29.042706,25.3,83.0
2025-11-04T11:25:30.181374,25.3,83.0
2025-11-04T11:25:32.458120,25.3,83.0
2025-11-04T11:25:34.734635,25.4,83.0
2025-11-04T11:25:35.873517,25.3,83.0
2025-11-04T11:25:38.156417,25.3,83.0
2025-11-04T11:25:40.433049,25.2,83.0
2025-11-04T11:25:41.572423,25.2,83.0
2025-11-04T11:25:43.849102,25.2,83.0
2025-11-04T11:25:44.987951,25.2,83.0
2025-11-04T11:25:46.126799,25.3,83.0
2025-11-04T11:25:48.405561,25.2,83.0
2025-11-04T11:25:49.544395,25.2,83.0
2025-11-04T11:25:50.685666,25.2,83.0
2025-11-04T11:25:52.962532,25.2,83.0
2025-11-04T11:25:55.240211,25.2,83.0
2025-11-04T11:25:56.379118,25.2,83.0
2025-11-04T11:25:57.517657,25.2,83.0
2025-11-04T11:25:59.794144,25.2,83.0
2025-11-04T11:26:00.932530,25.2,83.0
2025-11-04T11:26:02.070902,25.2,83.0
2025-11-04T11:26:03.213610,25.2,83.0
2025-11-04T11:26:06.627708,25.2,84.0
2025-11-04T11:26:07.766741,25.2,84.0
2025-11-04T11:26:10.046087,25.2,84.0
2025-11-04T11:26:11.184708,25.2,84.0
2025-11-04T11:26:12.323219,25.1,84.0
2025-11-04T11:26:13.462138,25.1,84.0
2025-11-04T11:26:14.600770,25.1,83.0
2025-11-04T11:26:16.877458,25.2,83.0
2025-11-04T11:26:18.016229,25.1,83.0
2025-11-04T11:26:20.293115,25.1,83.0
2025-11-04T11:26:21.431454,25.1,83.0
2025-11-04T11:26:22.570190,25.2,83.0
2025-11-04T11:26:23.713839,25.2,83.0
2025-11-04T11:26:24.852414,25.1,83.0
2025-11-04T11:26:28.266450,25.1,83.0
2025-11-04T11:26:29.405372,25.1,84.0
2025-11-04T11:26:30.544155,25.1,83.0
2025-11-04T11:26:31.682900,25.2,83.0
2025-11-04T11:26:32.821766,25.1,83.0
2025-11-04T11:26:33.960507,25.1,83.0
2025-11-04T11:26:36.237636,25.1,83.0
2025-11-04T11:26:37.376366,25.1,83.0
2025-11-04T11:26:40.790038,25.1,83.0
2025-11-04T11:26:41.928705,25.1,84.0
2025-11-04T11:26:43.068007,25.1,84.0
2025-11-04T11:26:47.623746,25.0,84.0
2025-11-04T11:26:48.762376,25.0,84.0
2025-11-04T11:26:51.038312,25.0,83.0
2025-11-04T11:26:52.177201,25.1,84.0
2025-11-04T11:26:55.591481,25.1,84.0
2025-11-04T11:26:56.730080,25.0,83.0
2025-11-04T11:26:57.869313,25.1,83.0
2025-11-04T11:27:00.148387,25.1,83.0
2025-11-04T11:27:01.286650,25.0,83.0
2025-11-04T11:27:03.563277,25.1,83.0
2025-11-04T11:27:06.978140,25.1,84.0
2025-11-04T11:27:09.254988,25.1,83.0
2025-11-04T11:27:14.944597,25.1,84.0
2025-11-04T11:27:17.221055,25.1,83.0
2025-11-04T11:27:18.360123,25.1,84.0
2025-11-04T11:27:19.499129,25.1,84.0
2025-11-04T11:27:21.778087,25.1,84.0
2025-11-04T11:27:22.916526,25.0,84.0
2025-11-04T11:27:24.054627,25.0,84.0
2025-11-04T11:27:26.330819,25.0,84.0
2025-11-04T11:27:28.607259,25.0,84.0
2025-11-04T11:27:29.745900,25.0,84.0
2025-11-04T11:27:30.884572,25.0,84.0
2025-11-04T11:27:33.167974,25.0,84.0
2025-11-04T11:27:36.581354,25.0,84.0
2025-11-04T11:27:37.719981,25.0,84.0
2025-11-04T11:27:38.858389,25.0,84.0
2025-11-04T11:27:39.996955,25.0,84.0
2025-11-04T11:27:43.411025,25.0,84.0
2025-11-04T11:27:44.549527,25.0,84.0
2025-11-04T11:27:45.688279,25.0,84.0
2025-11-04T11:27:47.964440,25.0,84.0
2025-11-04T11:27:49.103114,25.0,84.0
2025-11-04T11:27:50.242686,25.0,84.0
2025-11-04T11:27:51.381466,25.0,84.0
2025-11-04T11:27:52.520403,25.0,84.0
2025-11-04T11:27:53.658958,25.0,84.0
2025-11-04T11:27:55.935275,24.9,84.0
2025-11-04T11:27:57.073596,25.0,84.0
2025-11-04T11:28:00.486818,25.0,84.0
2025-11-04T11:28:02.764342,24.9,84.0
2025-11-04T11:28:03.904542,25.0,84.0
2025-11-04T11:28:05.042947,25.0,84.0
2025-11-04T11:28:08.457187,25.0,84.0
2025-11-04T11:28:10.733173,25.0,84.0
2025-11-04T11:28:13.011120,25.0,84.0
2025-11-04T11:28:14.149402,25.0,84.0
2025-11-04T11:28:15.287973,25.0,84.0
2025-11-04T11:28:16.429657,25.0,84.0
2025-11-04T11:28:18.705892,25.0,84.0
2025-11-04T11:28:19.844544,25.0,84.0
2025-11-04T11:28:22.120366,25.0,84.0
2025-11-04T11:28:25.537071,25.0,84.0
2025-11-04T11:28:28.952093,25.0,83.0
2025-11-04T11:28:30.091129,25.0,84.0
2025-11-04T11:28:32.366813,25.0,84.0
2025-11-04T11:28:33.505281,25.0,84.0
2025-11-04T11:28:34.643792,24.9,84.0
2025-11-04T11:28:35.782184,25.0,83.0
2025-11-04T11:28:38.058656,25.0,84.0
2025-11-04T11:28:39.197378,25.0,84.0
2025-11-04T11:28:42.611251,25.0,84.0
2025-11-04T11:28:53.996006,25.0,83.0
2025-11-04T11:28:55.134378,25.0,83.0
2025-11-04T11:28:58.548951,25.0,83.0
2025-11-04T11:29:00.825283,25.0,83.0
2025-11-04T11:29:01.964024,25.0,84.0
2025-11-04T11:29:03.102636,25.0,84.0
2025-11-04T11:29:06.521384,25.0,84.0
2025-11-04T11:29:09.935122,25.0,84.0
2025-11-04T11:29:11.073797,25.0,84.0
2025-11-04T11:29:14.487907,25.0,83.0
2025-11-04T11:29:16.769294,25.0,84.0
2025-11-04T11:29:19.047977,25.0,84.0
2025-11-04T11:29:20.186814,25.0,84.0
2025-11-04T11:29:23.603829,25.0,84.0
2025-11-04T11:29:24.742707,25.0,84.0
2025-11-04T11:29:25.881633,25.0,84.0
2025-11-04T11:29:27.020230,25.0,84.0
2025-11-04T11:29:28.158596,25.0,84.0
2025-11-04T11:29:29.297172,25.0,84.0
2025-11-04T11:29:30.435996,25.0,84.0
2025-11-04T11:29:31.574694,25.0,84.0
2025-11-04T11:29:32.713207,25.0,84.0
2025-11-04T11:29:33.851983,25.0,84.0
2025-11-04T11:29:36.128508,24.9,84.0
2025-11-04T11:29:37.266733,25.0,84.0
2025-11-04T11:29:38.405384,25.0,84.0
2025-11-04T11:29:39.544082,25.0,84.0
2025-11-04T11:29:41.820354,25.0,84.0
2025-11-04T11:29:44.097139,25.0,84.0
2025-11-04T11:29:50.934672,25.0,84.0
2025-11-04T11:29:56.625804,25.0,84.0
2025-11-04T11:29:57.764371,25.0,84.0
2025-11-04T11:29:58.902986,25.0,84.0
2025-11-04T11:30:00.041625,25.0,84.0
2025-11-04T11:30:03.455199,25.0,84.0
2025-11-04T11:30:05.730803,25.0,83.0
2025-11-04T11:30:06.869321,25.0,83.0
2025-11-04T11:30:08.007920,25.0,83.0
2025-11-04T11:30:09.146626,25.0,83.0
2025-11-04T11:30:10.285224,24.9,83.0
2025-11-04T11:30:13.699110,25.0,83.0
2025-11-04T11:30:14.837659,25.0,83.0
2025-11-04T11:30:15.976817,25.0,83.0
2025-11-04T11:30:18.252625,25.0,83.0
2025-11-04T11:30:20.529581,25.0,84.0
2025-11-04T11:30:21.668446,25.0,84.0
2025-11-04T11:30:22.807086,25.0,84.0
2025-11-04T11:30:23.945772,25.0,84.0
2025-11-04T11:30:25.086650,25.0,84.0
2025-11-04T11:30:28.500446,25.0,84.0
2025-11-04T11:30:31.914934,25.0,84.0
2025-11-04T11:30:35.329788,25.0,83.0
2025-11-04T11:30:39.881856,25.0,84.0
2025-11-04T11:30:41.020505,24.9,84.0
2025-11-04T11:30:43.297262,24.9,84.0
2025-11-04T11:30:45.573920,24.9,84.0
2025-11-04T11:30:46.712599,24.9,84.0
2025-11-04T11:30:47.851179,24.9,84.0
2025-11-04T11:30:48.989795,24.9,84.0
2025-11-04T11:30:50.129077,24.9,84.0
2025-11-04T11:30:52.405200,24.9,84.0
2025-11-04T11:30:53.544021,24.9,84.0
2025-11-04T11:30:54.682605,24.9,84.0
2025-11-04T11:30:55.822159,24.9,84.0
2025-11-04T11:30:56.960909,24.9,84.0
2025-11-04T11:31:02.676808,24.9,84.0
2025-11-04T11:31:03.816074,24.9,84.0
2025-11-04T11:31:06.092414,24.9,84.0
2025-11-04T11:31:08.369308,24.9,84.0
2025-11-04T11:31:10.646777,24.9,85.0
2025-11-04T11:31:11.795042,24.9,85.0
2025-11-04T11:31:15.209620,24.9,85.0
2025-11-04T11:31:16.348588,24.9,85.0
2025-11-04T11:31:19.765787,24.9,85.0
2025-11-04T11:31:20.904894,24.9,85.0
2025-11-04T11:31:22.043693,24.9,85.0
2025-11-04T11:31:23.182457,24.9,85.0
2025-11-04T11:31:25.459409,24.9,85.0
2025-11-04T11:31:27.735759,24.9,85.0
2025-11-04T11:31:28.874446,24.9,85.0
2025-11-04T11:31:31.151860,24.9,85.0
2025-11-04T11:31:32.290681,24.9,86.0
2025-11-04T11:31:33.429756,24.9,86.0
2025-11-04T11:31:36.844670,24.9,86.0
2025-11-04T11:31:39.121380,24.9,86.0
2025-11-04T11:31:40.262240,24.9,86.0
2025-11-04T11:31:41.401626,24.9,86.0
2025-11-04T11:31:42.541304,24.9,86.0
2025-11-04T11:31:43.680530,24.9,86.0
2025-11-04T11:31:44.819934,24.9,86.0
2025-11-04T11:31:47.099631,24.9,86.0
2025-11-04T11:31:48.239842,24.9,86.0
2025-11-04T11:31:49.378743,24.9,86.0
2025-11-04T11:31:53.932247,24.9,86.0
2025-11-04T11:31:55.070939,24.9,86.0
2025-11-04T11:31:56.209660,24.9,86.0
2025-11-04T11:31:57.348500,24.9,86.0
2025-11-04T11:31:59.628009,24.9,86.0
2025-11-04T11:32:00.766820,24.9,86.0
2025-11-04T11:32:01.906125,24.9,86.0
2025-11-04T11:32:03.045391,24.9,86.0
2025-11-04T11:32:04.184348,24.9,86.0
2025-11-04T11:32:06.461262,24.9,86.0
2025-11-04T11:32:07.600083,24.8,86.0
2025-11-04T11:32:11.021368,24.9,87.0
2025-11-04T11:32:14.435767,24.9,87.0
2025-11-04T11:32:15.574364,24.9,87.0
2025-11-04T11:32:18.988426,24.9,87.0
2025-11-04T11:32:20.127033,24.9,87.0
2025-11-04T11:32:21.265740,24.9,87.0
2025-11-04T11:32:23.541694,24.9,87.0
2025-11-04T11:32:25.818484,24.9,87.0
2025-11-04T11:32:26.957502,24.9,87.0
2025-11-04T11:32:28.096262,24.9,87.0
2025-11-04T11:32:29.234742,24.9,87.0
2025-11-04T11:32:30.373730,24.9,87.0
2025-11-04T11:32:34.925686,24.9,87.0
2025-11-04T11:32:36.064297,24.9,88.0
2025-11-04T11:32:41.753610,24.9,88.0
2025-11-04T11:32:44.030490,24.8,88.0
2025-11-04T11:32:47.445398,24.8,88.0
2025-11-04T11:32:48.583736,24.9,88.0
2025-11-04T11:32:50.859844,24.8,88.0
2025-11-04T11:32:51.998334,24.9,87.0
2025-11-04T11:32:53.137100,24.8,87.0
2025-11-04T11:32:54.275820,24.9,88.0
2025-11-04T11:32:58.831742,24.9,87.0
2025-11-04T11:32:59.970174,24.8,88.0
2025-11-04T11:33:03.384391,24.8,87.0
2025-11-04T11:33:04.522891,24.9,87.0
2025-11-04T11:33:11.353095,24.9,87.0
2025-11-04T11:33:12.491677,24.9,87.0
2025-11-04T11:33:13.630166,24.9,87.0
2025-11-04T11:33:17.046004,24.9,87.0
2025-11-04T11:33:18.184791,24.8,87.0
2025-11-04T11:33:19.323185,24.9,87.0
2025-11-04T11:33:20.464505,24.9,87.0
2025-11-04T11:33:22.743169,24.9,88.0
2025-11-04T11:33:25.019361,24.9,88.0
2025-11-04T11:33:26.157736,24.9,88.0
2025-11-04T11:33:29.571964,24.9,88.0
2025-11-04T11:33:30.710183,24.9,88.0
2025-11-04T11:33:34.123753,24.9,88.0
2025-11-04T11:33:37.537779,24.9,88.0
2025-11-04T11:33:39.814431,24.9,88.0
2025-11-04T11:33:40.953234,24.9,88.0
2025-11-04T11:33:42.100108,24.9,88.0
2025-11-04T11:33:43.238851,24.9,88.0
2025-11-04T11:33:45.515183,24.9,88.0
2025-11-04T11:33:48.929039,24.9,88.0
2025-11-04T11:33:51.205583,24.9,87.0
2025-11-04T11:33:53.481672,24.9,88.0
2025-11-04T11:33:54.620364,24.9,87.0
2025-11-04T11:33:58.034695,24.9,87.0
2025-11-04T11:33:59.173698,24.9,88.0
2025-11-04T11:34:01.450501,24.9,87.0
2025-11-04T11:34:02.589059,24.9,87.0
2025-11-04T11:34:03.727799,24.9,87.0
2025-11-04T11:34:04.866071,24.9,87.0
2025-11-04T11:34:07.141739,24.9,88.0
2025-11-04T11:34:10.556939,24.9,87.0
2025-11-04T11:34:11.696519,24.9,88.0
2025-11-04T11:34:12.835301,24.9,87.0
2025-11-04T11:34:15.111906,24.9,87.0
2025-11-04T11:34:18.527219,25.0,87.0
2025-11-04T11:34:19.665861,24.9,87.0
2025-11-04T11:34:23.080625,24.9,88.0
2025-11-04T11:34:24.219308,24.9,88.0
2025-11-04T11:34:29.909670,24.9,88.0
2025-11-04T11:34:31.049998,24.9,88.0
2025-11-04T11:34:33.326714,24.9,88.0
2025-11-04T11:34:34.465569,24.9,88.0
2025-11-04T11:34:35.604702,24.9,87.0
2025-11-04T11:34:37.880760,25.0,88.0
2025-11-04T11:34:41.296465,24.9,88.0
2025-11-04T11:34:42.434613,25.0,88.0
2025-11-04T11:34:45.848307,25.0,88.0
2025-11-04T11:34:46.987051,24.9,88.0
2025-11-04T11:34:52.675641,25.0,88.0
2025-11-04T11:34:53.813808,25.0,88.0
2025-11-04T11:34:54.952093,25.0,88.0
2025-11-04T11:34:56.090614,25.0,88.0
2025-11-04T11:34:58.366640,25.0,88.0
2025-11-04T11:34:59.505370,25.0,88.0
2025-11-04T11:35:01.781554,25.0,88.0
2025-11-04T11:35:02.919958,25.0,88.0
2025-11-04T11:35:04.058320,25.0,88.0
2025-11-04T11:35:07.471767,25.0,88.0
2025-11-04T11:35:08.610505,25.0,88.0
2025-11-04T11:35:09.749284,25.0,88.0
2025-11-04T11:35:12.026125,25.0,88.0
2025-11-04T11:35:14.302398,25.0,88.0
2025-11-04T11:35:16.578618,25.0,88.0
2025-11-04T11:35:17.717104,25.0,88.0
2025-11-04T11:35:18.856056,25.0,88.0
2025-11-04T11:35:19.994542,25.0,88.0
2025-11-04T11:35:21.133367,25.0,88.0
2025-11-04T11:35:23.410354,25.0,88.0
2025-11-04T11:35:24.548960,25.0,88.0
2025-11-04T11:35:27.963507,25.0,88.0
2025-11-04T11:35:30.241267,25.0,88.0
2025-11-04T11:35:32.517381,25.0,88.0
2025-11-04T11:35:33.656018,25.0,88.0
2025-11-04T11:35:34.794214,25.0,88.0
2025-11-04T11:35:38.207744,25.1,88.0
2025-11-04T11:35:39.346173,25.0,88.0
2025-11-04T11:35:41.622573,25.1,88.0
2025-11-04T11:35:42.761129,25.0,88.0
2025-11-04T11:35:45.037768,25.1,88.0
2025-11-04T11:35:48.452821,25.1,88.0
2025-11-04T11:35:49.591006,25.1,88.0
2025-11-04T11:35:50.729555,25.0,88.0
2025-11-04T11:35:54.143007,25.1,88.0
2025-11-04T11:35:55.281432,25.1,88.0
2025-11-04T11:35:56.420036,25.1,88.0
2025-11-04T11:35:57.558659,25.1,88.0
2025-11-04T11:35:58.697859,25.1,87.0
2025-11-04T11:35:59.842706,25.1,88.0
2025-11-04T11:36:00.981034,25.0,88.0
2025-11-04T11:36:06.671129,25.0,87.0
2025-11-04T11:36:07.809609,25.0,88.0
2025-11-04T11:36:11.231431,25.0,88.0
2025-11-04T11:36:12.376227,25.0,88.0
2025-11-04T11:36:13.514425,25.1,88.0
2025-11-04T11:36:14.652544,25.1,88.0
2025-11-04T11:36:15.790871,25.1,88.0
2025-11-04T11:36:16.929501,25.1,88.0
2025-11-04T11:36:18.068197,25.1,87.0
2025-11-04T11:36:20.344419,25.1,88.0
2025-11-04T11:36:21.482990,25.1,88.0
2025-11-04T11:36:22.627937,25.0,87.0
2025-11-04T11:36:23.766637,25.1,88.0
2025-11-04T11:36:24.905357,25.1,87.0
2025-11-04T11:36:27.181849,25.1,87.0
2025-11-04T11:36:28.322601,25.0,87.0
2025-11-04T11:36:29.461449,25.1,87.0
2025-11-04T11:36:30.600171,25.0,87.0
2025-11-04T11:36:34.014265,25.1,88.0
2025-11-04T11:36:36.298766,25.0,88.0
2025-11-04T11:36:37.437152,25.1,88.0
2025-11-04T11:36:38.575732,25.0,88.0
2025-11-04T11:36:39.714049,25.1,88.0
2025-11-04T11:36:41.990028,25.0,88.0
2025-11-04T11:36:44.266634,25.1,88.0
2025-11-04T11:36:45.408277,25.0,88.0
2025-11-04T11:36:46.546597,25.0,88.0
2025-11-04T11:36:48.822876,25.1,87.0
2025-11-04T11:36:51.099088,25.0,88.0
2025-11-04T11:36:53.374987,25.0,87.0
2025-11-04T11:36:54.513585,25.0,88.0
2025-11-04T11:36:55.653516,25.1,88.0
2025-11-04T11:36:56.793582,25.1,87.0
2025-11-04T11:36:57.932119,25.1,87.0
2025-11-04T11:36:59.070725,25.1,87.0
2025-11-04T11:37:00.209084,25.0,88.0
2025-11-04T11:37:01.348304,25.1,88.0
2025-11-04T11:37:02.486984,25.0,88.0
2025-11-04T11:37:03.625735,25.1,88.0
2025-11-04T11:37:05.902035,25.1,88.0
2025-11-04T11:37:08.178441,25.1,88.0
2025-11-04T11:37:12.730602,25.0,88.0
2025-11-04T11:37:13.869269,25.0,88.0
2025-11-04T11:37:16.146618,25.1,88.0
2025-11-04T11:37:18.423135,25.1,88.0
2025-11-04T11:37:19.561720,25.1,88.0
2025-11-04T11:37:21.838343,25.1,88.0
2025-11-04T11:37:24.116753,25.0,88.0
2025-11-04T11:37:26.392443,25.1,88.0
2025-11-04T11:37:27.531007,25.1,88.0
2025-11-04T11:37:28.669573,25.0,88.0
2025-11-04T11:37:29.808056,25.0,88.0
2025-11-04T11:37:30.946623,25.1,88.0
2025-11-04T11:37:32.085276,25.1,88.0
2025-11-04T11:37:35.498821,25.0,88.0
2025-11-04T11:37:36.637502,25.0,88.0
2025-11-04T11:37:40.050937,25.0,88.0
2025-11-04T11:37:42.329066,25.0,88.0
2025-11-04T11:37:43.473203,25.0,88.0
2025-11-04T11:37:44.611924,25.1,88.0
2025-11-04T11:37:45.750946,25.0,88.0
2025-11-04T11:37:46.889294,25.1,88.0
2025-11-04T11:37:48.028201,25.0,88.0
2025-11-04T11:37:49.166848,25.1,88.0
2025-11-04T11:37:52.581122,25.1,88.0
2025-11-04T11:37:53.719585,25.0,88.0
2025-11-04T11:37:54.857858,25.0,87.0
2025-11-04T11:37:59.408651,25.0,88.0
2025-11-04T11:38:01.684724,25.1,88.0
2025-11-04T11:38:02.823402,25.1,88.0
2025-11-04T11:38:05.099608,25.1,88.0
2025-11-04T11:38:06.238661,25.1,88.0
2025-11-04T11:38:09.652460,25.1,88.0
2025-11-04T11:38:10.790705,25.1,88.0
2025-11-04T11:38:11.929770,25.1,88.0
2025-11-04T11:38:13.068358,25.1,88.0
2025-11-04T11:38:17.619628,25.1,88.0
2025-11-04T11:38:18.757847,25.0,88.0
2025-11-04T11:38:23.309439,25.0,88.0
2025-11-04T11:38:24.448517,25.1,88.0
2025-11-04T11:38:25.589419,25.0,88.0
2025-11-04T11:38:26.727887,25.1,88.0
2025-11-04T11:38:27.866705,25.1,88.0
2025-11-04T11:38:29.007861,25.0,88.0
2025-11-04T11:38:31.283999,25.1,87.0
2025-11-04T11:38:32.422568,25.1,87.0
2025-11-04T11:38:38.113039,25.0,87.0
2025-11-04T11:38:39.251734,25.0,87.0
2025-11-04T11:38:40.390756,25.1,87.0
2025-11-04T11:38:41.530028,25.1,87.0
2025-11-04T11:38:42.668371,25.0,87.0
2025-11-04T11:38:44.944799,25.1,87.0
2025-11-04T11:38:47.221559,25.1,87.0
2025-11-04T11:38:48.360461,25.1,87.0
2025-11-04T11:38:50.636974,25.1,87.0
2025-11-04T11:38:51.775635,25.1,87.0
2025-11-04T11:38:52.913993,25.1,87.0
2025-11-04T11:38:55.191804,25.1,87.0
2025-11-04T11:38:56.332763,25.1,87.0
2025-11-04T11:38:58.609096,25.1,88.0
2025-11-04T11:39:00.885977,25.1,87.0
2025-11-04T11:39:02.025094,25.1,87.0
2025-11-04T11:39:03.163933,25.1,87.0
2025-11-04T11:39:04.302407,25.1,87.0
2025-11-04T11:39:05.440979,25.1,87.0
2025-11-04T11:39:07.717106,25.1,87.0
2025-11-04T11:39:08.855769,25.1,87.0
2025-11-04T11:39:09.995189,25.1,87.0
2025-11-04T11:39:15.685949,25.1,87.0
2025-11-04T11:39:16.825304,25.1,87.0
2025-11-04T11:39:17.964050,25.1,87.0
2025-11-04T11:39:19.102323,25.1,88.0
2025-11-04T11:39:20.241355,25.1,88.0
2025-11-04T11:39:22.518286,25.1,88.0
2025-11-04T11:39:23.657114,25.1,88.0
2025-11-04T11:39:24.795881,25.1,87.0
2025-11-04T11:39:25.934897,25.1,88.0
2025-11-04T11:39:27.078651,25.1,88.0
2025-11-04T11:39:28.217244,25.1,88.0
2025-11-04T11:39:30.493534,25.1,87.0
2025-11-04T11:39:31.632370,25.1,87.0
2025-11-04T11:39:33.908515,25.1,87.0
2025-11-04T11:39:38.461456,25.1,87.0
2025-11-04T11:39:40.738240,25.2,87.0
2025-11-04T11:39:41.876986,25.1,87.0
2025-11-04T11:39:44.153076,25.2,87.0
2025-11-04T11:39:45.293530,25.2,87.0
2025-11-04T11:39:46.432368,25.1,87.0
2025-11-04T11:39:47.571015,25.1,87.0
2025-11-04T11:39:48.710886,25.2,87.0
2025-11-04T11:39:49.849718,25.1,87.0
2025-11-04T11:39:50.988424,25.2,87.0
2025-11-04T11:39:52.126869,25.1,87.0
2025-11-04T11:39:54.404166,25.1,87.0
2025-11-04T11:39:55.542942,25.2,87.0
2025-11-04T11:39:57.819661,25.1,87.0
2025-11-04T11:39:58.959255,25.2,87.0
2025-11-04T11:40:01.242776,25.2,87.0
2025-11-04T11:40:03.523190,25.2,87.0
2025-11-04T11:40:04.661681,25.2,87.0
2025-11-04T11:40:05.800151,25.2,87.0
2025-11-04T11:40:08.076644,25.2,87.0
2025-11-04T11:40:10.353267,25.1,87.0
2025-11-04T11:40:11.492140,25.2,87.0
2025-11-04T11:40:12.633858,25.1,87.0
2025-11-04T11:40:13.772801,25.2,87.0
2025-11-04T11:40:14.911144,25.2,87.0
2025-11-04T11:40:17.187446,25.2,87.0
2025-11-04T11:40:19.464224,25.2,87.0
2025-11-04T11:40:20.603249,25.2,87.0
2025-11-04T11:40:22.881069,25.2,87.0
2025-11-04T11:40:25.166776,25.2,87.0
2025-11-04T11:40:26.305440,25.1,87.0
2025-11-04T11:40:28.581836,25.1,87.0
2025-11-04T11:40:29.720600,25.2,87.0
2025-11-04T11:40:30.859097,25.2,87.0
2025-11-04T11:40:31.997502,25.2,87.0
2025-11-04T11:40:34.274610,25.2,87.0
2025-11-04T11:40:36.556042,25.2,87.0
2025-11-04T11:40:37.696554,25.2,87.0
2025-11-04T11:40:39.975596,25.2,87.0
2025-11-04T11:40:41.114051,25.2,87.0
2025-11-04T11:40:43.390839,25.2,87.0
2025-11-04T11:40:45.669572,25.2,87.0
2025-11-04T11:40:47.946601,25.2,87.0
2025-11-04T11:40:49.085437,25.2,87.0
2025-11-04T11:40:50.224371,25.2,87.0
2025-11-04T11:40:54.776708,25.2,87.0
2025-11-04T11:40:57.053583,25.2,87.0
2025-11-04T11:40:58.192376,25.2,87.0
2025-11-04T11:41:03.885109,25.2,87.0
2025-11-04T11:41:07.299613,25.2,87.0
2025-11-04T11:41:08.438020,25.2,87.0
2025-11-04T11:41:11.852916,25.2,87.0
2025-11-04T11:41:12.992098,25.2,87.0
2025-11-04T11:41:14.130617,25.2,87.0
2025-11-04T11:41:16.409840,25.2,87.0
2025-11-04T11:41:17.549359,25.3,87.0
2025-11-04T11:41:19.825979,25.2,87.0
2025-11-04T11:41:23.240336,25.3,87.0
2025-11-04T11:41:26.655158,25.3,87.0
2025-11-04T11:41:28.931837,25.2,87.0
2025-11-04T11:41:30.070753,25.2,87.0
2025-11-04T11:41:33.485190,25.2,87.0
2025-11-04T11:41:34.623961,25.2,87.0
2025-11-04T11:41:38.038713,25.3,87.0
2025-11-04T11:41:39.177985,25.2,87.0
2025-11-04T11:41:42.592781,25.2,87.0
2025-11-04T11:41:44.869251,25.3,87.0
2025-11-04T11:41:46.008211,25.2,87.0
2025-11-04T11:41:49.422627,25.2,87.0
2025-11-04T11:41:51.700062,25.3,87.0
2025-11-04T11:41:52.838753,25.2,87.0
2025-11-04T11:41:55.116128,25.2,87.0
2025-11-04T11:41:57.393486,25.3,87.0
2025-11-04T11:41:58.532406,25.2,87.0
2025-11-04T11:41:59.673884,25.2,87.0
2025-11-04T11:42:01.950745,25.2,87.0
2025-11-04T11:42:05.365483,25.2,87.0
2025-11-04T11:42:06.504353,25.2,87.0
2025-11-04T11:42:11.061714,25.2,87.0
2025-11-04T11:42:12.200533,25.3,87.0
2025-11-04T11:42:13.339625,25.2,87.0
2025-11-04T11:42:14.478378,25.2,87.0
2025-11-04T11:42:15.617121,25.2,87.0
2025-11-04T11:42:16.755943,25.2,87.0
2025-11-04T11:42:17.894736,25.3,87.0
2025-11-04T11:42:19.033901,25.2,87.0
2025-11-04T11:42:22.456499,25.3,87.0
2025-11-04T11:42:23.594893,25.2,87.0
2025-11-04T11:42:28.147632,25.2,87.0
2025-11-04T11:42:30.424586,25.3,87.0
2025-11-04T11:42:31.562979,25.2,87.0
2025-11-04T11:42:34.977671,25.3,87.0
2025-11-04T11:42:37.254507,25.2,87.0
2025-11-04T11:42:39.531289,25.2,87.0
2025-11-04T11:42:45.221419,25.4,87.0
2025-11-04T11:42:46.360303,25.3,87.0
2025-11-04T11:42:50.912982,25.3,87.0
2025-11-04T11:42:53.190756,25.3,87.0
2025-11-04T11:42:55.470450,25.4,87.0
2025-11-04T11:42:56.609333,25.3,87.0
2025-11-04T11:42:57.748204,25.2,87.0
2025-11-04T11:42:58.887011,25.3,87.0
2025-11-04T11:43:00.027645,25.3,87.0
2025-11-04T11:43:04.580730,25.3,87.0
2025-11-04T11:43:05.725494,25.4,87.0
2025-11-04T11:43:06.864382,25.3,87.0
2025-11-04T11:43:10.279014,25.3,87.0
2025-11-04T11:43:11.418336,25.3,87.0
2025-11-04T11:43:17.110825,25.3,87.0
2025-11-04T11:43:18.249723,25.4,87.0
2025-11-04T11:43:19.388800,25.4,87.0
2025-11-04T11:43:21.664931,25.3,87.0
2025-11-04T11:43:22.803947,25.3,87.0
2025-11-04T11:43:25.081313,25.3,87.0
2025-11-04T11:43:28.497180,25.3,87.0
2025-11-04T11:43:29.636157,25.3,87.0
2025-11-04T11:43:31.912680,25.3,87.0
2025-11-04T11:43:35.329145,25.4,87.0
2025-11-04T11:43:37.606382,25.3,87.0
2025-11-04T11:43:38.745512,25.3,87.0
2025-11-04T11:43:39.885139,25.3,87.0
2025-11-04T11:43:41.023974,25.4,87.0
2025-11-04T11:43:42.162958,25.4,87.0
2025-11-04T11:43:45.577051,25.4,87.0
2025-11-04T11:43:47.854163,25.3,87.0
2025-11-04T11:43:50.130867,25.4,87.0
2025-11-04T11:43:53.547170,25.4,87.0
2025-11-04T11:43:55.823848,25.4,87.0
2025-11-04T11:43:56.962516,25.4,87.0
2025-11-04T11:44:00.378755,25.4,87.0
2025-11-04T11:44:03.793567,25.4,87.0
2025-11-04T11:44:04.932360,25.3,87.0
2025-11-04T11:44:06.070824,25.4,87.0
2025-11-04T11:44:07.209502,25.4,87.0
2025-11-04T11:44:09.486373,25.4,87.0
2025-11-04T11:44:10.625225,25.4,87.0
2025-11-04T11:44:11.764587,25.4,87.0
2025-11-04T11:44:12.903328,25.4,87.0
2025-11-04T11:44:15.186845,25.4,87.0
2025-11-04T11:44:17.468962,25.4,87.0
2025-11-04T11:44:19.746042,25.4,87.0
2025-11-04T11:44:22.022520,25.4,87.0
2025-11-04T11:44:25.437191,25.4,87.0
2025-11-04T11:44:26.576048,25.4,87.0
2025-11-04T11:44:27.718981,25.4,87.0
2025-11-04T11:44:28.857571,25.4,87.0
2025-11-04T11:44:32.272095,25.4,87.0
2025-11-04T11:44:34.548450,25.4,87.0
2025-11-04T11:44:36.825190,25.4,87.0
2025-11-04T11:44:37.968223,25.4,87.0
2025-11-04T11:44:40.245126,25.4,87.0
2025-11-04T11:44:41.384113,25.4,87.0
2025-11-04T11:44:42.522868,25.4,87.0
2025-11-04T11:44:43.661814,25.4,87.0
2025-11-04T11:44:48.213752,25.4,87.0
2025-11-04T11:44:50.492576,25.4,87.0
2025-11-04T11:44:52.768900,25.4,87.0
2025-11-04T11:44:55.045493,25.4,87.0
2025-11-04T11:44:58.460407,25.4,87.0
2025-11-04T11:45:04.158433,25.4,87.0
2025-11-04T11:45:05.296811,25.4,87.0
2025-11-04T11:45:07.573158,25.4,87.0
2025-11-04T11:45:08.711741,25.4,87.0
2025-11-04T11:45:09.850687,25.4,87.0
2025-11-04T11:45:14.416837,25.4,87.0
2025-11-04T11:45:15.555308,25.4,87.0
2025-11-04T11:45:17.831649,25.4,87.0
2025-11-04T11:45:20.108332,25.4,87.0
2025-11-04T11:45:21.247055,25.4,87.0
2025-11-04T11:45:22.385874,25.4,87.0
2025-11-04T11:45:23.529581,25.4,87.0
2025-11-04T11:45:24.668935,25.4,87.0
2025-11-04T11:45:26.945357,25.4,87.0
2025-11-04T11:45:30.360223,25.4,87.0
2025-11-04T11:45:31.499805,25.4,87.0
2025-11-04T11:45:33.776373,25.4,87.0
2025-11-04T11:45:39.482709,25.4,87.0
2025-11-04T11:45:42.897330,25.4,87.0
2025-11-04T11:45:44.036107,25.4,87.0
2025-11-04T11:45:45.174733,25.4,87.0
2025-11-04T11:45:47.452179,25.4,87.0
2025-11-04T11:45:49.728420,25.4,87.0
2025-11-04T11:45:50.866731,25.4,87.0
2025-11-04T11:45:53.143601,25.4,87.0
2025-11-04T11:45:55.420226,25.4,87.0
2025-11-04T11:45:56.558888,25.4,87.0
2025-11-04T11:45:59.978749,25.4,87.0
2025-11-04T11:46:01.117347,25.4,87.0
2025-11-04T11:46:02.255979,25.4,87.0
2025-11-04T11:46:03.394802,25.4,87.0
2025-11-04T11:46:07.952129,25.4,87.0
2025-11-04T11:46:10.228933,25.4,87.0
2025-11-04T11:46:11.367442,25.5,87.0
2025-11-04T11:46:14.781157,25.4,87.0
2025-11-04T11:46:15.919988,25.4,87.0
2025-11-04T11:46:18.196639,25.4,87.0
2025-11-04T11:46:20.473140,25.4,87.0
2025-11-04T11:46:21.616473,25.4,87.0
2025-11-04T11:46:23.898231,25.4,87.0
2025-11-04T11:46:25.036734,25.4,87.0
2025-11-04T11:46:33.006977,25.4,87.0
2025-11-04T11:46:34.145605,25.4,87.0
2025-11-04T11:46:36.421987,25.4,87.0
2025-11-04T11:46:38.698683,25.4,87.0
2025-11-04T11:46:44.390847,25.4,87.0
2025-11-04T11:46:45.529722,25.4,87.0
2025-11-04T11:46:48.944099,25.4,87.0
2025-11-04T11:46:52.358777,25.4,87.0
2025-11-04T11:46:53.498253,25.4,87.0
2025-11-04T11:46:54.637318,25.4,87.0
2025-11-04T11:46:55.776352,25.4,87.0
2025-11-04T11:47:00.330366,25.4,87.0
2025-11-04T11:47:01.468966,25.4,87.0
2025-11-04T11:47:02.607822,25.4,87.0
2025-11-04T11:47:03.746687,25.4,87.0
2025-11-04T11:47:06.023420,25.5,87.0
2025-11-04T11:47:07.169514,25.4,87.0
2025-11-04T11:47:09.446917,25.5,87.0
2025-11-04T11:47:11.723595,25.5,87.0
2025-11-04T11:47:12.862638,25.5,87.0
2025-11-04T11:47:14.001700,25.5,87.0
2025-11-04T11:47:16.279181,25.4,87.0
2025-11-04T11:47:21.970628,25.5,87.0
2025-11-04T11:47:23.109399,25.5,87.0
2025-11-04T11:47:28.801429,25.5,87.0
2025-11-04T11:47:29.940652,25.5,87.0
2025-11-04T11:47:33.354968,25.5,87.0
2025-11-04T11:47:39.046324,25.5,87.0
2025-11-04T11:47:40.185498,25.5,87.0
2025-11-04T11:47:42.469820,25.5,87.0
2025-11-04T11:47:43.608603,25.5,87.0
2025-11-04T11:47:44.747518,25.5,87.0
2025-11-04T11:47:48.167818,25.5,87.0
2025-11-04T11:47:50.444898,25.5,87.0
2025-11-04T11:47:52.721656,25.5,87.0
2025-11-04T11:47:55.012520,25.5,87.0
2025-11-04T11:47:56.151133,25.5,87.0
2025-11-04T11:47:57.289628,25.5,87.0
2025-11-04T11:47:58.428308,25.5,87.0
2025-11-04T11:47:59.567155,25.5,87.0
2025-11-04T11:48:06.405908,25.5,87.0
2025-11-04T11:48:07.544568,25.5,87.0
2025-11-04T11:48:08.683163,25.5,87.0
2025-11-04T11:48:10.960059,25.5,87.0
2025-11-04T11:48:12.099404,25.5,87.0
2025-11-04T11:48:15.517951,25.5,87.0
2025-11-04T11:48:17.807656,25.5,87.0
2025-11-04T11:48:18.945972,25.5,87.0
2025-11-04T11:48:30.340626,25.6,86.0
2025-11-04T11:48:31.479223,25.6,86.0
2025-11-04T11:48:32.617606,25.6,86.0
2025-11-04T11:48:33.756578,25.5,87.0
2025-11-04T11:48:36.033379,25.6,86.0
2025-11-04T11:48:38.310578,25.6,86.0
2025-11-04T11:48:39.449879,25.5,87.0
2025-11-04T11:48:40.588569,25.6,86.0
2025-11-04T11:48:47.416017,25.5,86.0
2025-11-04T11:48:48.554923,25.6,86.0
2025-11-04T11:48:49.694299,25.6,87.0
2025-11-04T11:48:51.971511,25.6,86.0
2025-11-04T11:48:54.248449,25.6,86.0
2025-11-04T11:48:55.387277,25.6,86.0
2025-11-04T11:48:58.802234,25.6,86.0
2025-11-04T11:49:03.355298,25.6,86.0
2025-11-04T11:49:04.493715,25.6,86.0
2025-11-04T11:49:05.632518,25.6,86.0
2025-11-04T11:49:07.909122,25.6,86.0
2025-11-04T11:49:09.048499,25.6,86.0
2025-11-04T11:49:11.325544,25.6,86.0
2025-11-04T11:49:12.464606,25.6,86.0
2025-11-04T11:49:15.891847,25.6,86.0
2025-11-04T11:49:17.030854,25.6,86.0
2025-11-04T11:49:18.170085,25.6,86.0
2025-11-04T11:49:19.310254,25.6,86.0
2025-11-04T11:49:21.588450,25.6,86.0
2025-11-04T11:49:23.865296,25.6,86.0
2025-11-04T11:49:25.005860,25.6,86.0
2025-11-04T11:49:28.430360,25.6,86.0
2025-11-04T11:49:29.569024,25.6,86.0
2025-11-04T11:49:32.983586,25.6,86.0
2025-11-04T11:49:34.122098,25.6,86.0
2025-11-04T11:49:35.261035,25.6,86.0
2025-11-04T11:49:36.399616,25.6,86.0
2025-11-04T11:49:37.538449,25.6,86.0
2025-11-04T11:49:38.677338,25.6,86.0
2025-11-04T11:49:40.955962,25.6,86.0
2025-11-04T11:49:42.094681,25.6,86.0
2025-11-04T11:49:43.233434,25.6,86.0
2025-11-04T11:49:44.372293,25.6,86.0
2025-11-04T11:49:46.648926,25.6,86.0
2025-11-04T11:49:52.351999,25.6,86.0
2025-11-04T11:49:53.490868,25.6,86.0
2025-11-04T11:49:54.629887,25.6,86.0
2025-11-04T11:49:56.906879,25.6,86.0
2025-11-04T11:49:59.183808,25.6,86.0
2025-11-04T11:50:01.460306,25.6,86.0
2025-11-04T11:50:02.598876,25.6,86.0
2025-11-04T11:50:03.737394,25.6,86.0
2025-11-04T11:50:04.875839,25.6,86.0
2025-11-04T11:50:06.014505,25.6,86.0
2025-11-04T11:50:08.291157,25.6,86.0
2025-11-04T11:50:09.429940,25.6,86.0
2025-11-04T11:50:11.706747,25.6,86.0
2025-11-04T11:50:12.845652,25.5,86.0
2025-11-04T11:50:13.984250,25.6,86.0
2025-11-04T11:50:15.122872,25.6,86.0
2025-11-04T11:50:16.261904,25.6,86.0
2025-11-04T11:50:20.814951,25.6,86.0
2025-11-04T11:50:21.954117,25.6,86.0
2025-11-04T11:50:23.093207,25.6,86.0
2025-11-04T11:50:24.232067,25.6,86.0
2025-11-04T11:50:25.370627,25.6,86.0
2025-11-04T11:50:27.647226,25.6,86.0
2025-11-04T11:50:29.924230,25.6,86.0
2025-11-04T11:50:31.063609,25.6,86.0
2025-11-04T11:50:32.202674,25.6,86.0
2025-11-04T11:50:33.341714,25.6,86.0
2025-11-04T11:50:37.894380,25.5,86.0
2025-11-04T11:50:39.033255,25.6,86.0
2025-11-04T11:50:40.172060,25.6,86.0
2025-11-04T11:50:41.310962,25.6,86.0
2025-11-04T11:50:42.449718,25.6,86.0
2025-11-04T11:50:45.863913,25.6,86.0
2025-11-04T11:50:49.277637,25.6,86.0
2025-11-04T11:50:51.554759,25.6,86.0
2025-11-04T11:50:57.246472,25.6,86.0
2025-11-04T11:50:58.385641,25.6,86.0
2025-11-04T11:51:00.662057,25.6,86.0
2025-11-04T11:51:01.800485,25.6,86.0
2025-11-04T11:51:02.939178,25.5,86.0
2025-11-04T11:51:04.077931,25.6,86.0
2025-11-04T11:51:07.493490,25.6,86.0
2025-11-04T11:51:08.632422,25.6,86.0
2025-11-04T11:51:09.771515,25.6,86.0
2025-11-04T11:51:10.910112,25.6,86.0
2025-11-04T11:51:12.048996,25.6,86.0
2025-11-04T11:51:13.187565,25.6,86.0
2025-11-04T11:51:14.329361,25.6,86.0
2025-11-04T11:51:17.745460,25.6,86.0
2025-11-04T11:51:20.022380,25.6,86.0
2025-11-04T11:51:21.167067,25.6,86.0
2025-11-04T11:51:24.581627,25.6,85.0
2025-11-04T11:51:25.720445,25.6,86.0
2025-11-04T11:51:26.859278,25.6,86.0
2025-11-04T11:51:28.002626,25.6,86.0
2025-11-04T11:51:30.279938,25.6,86.0
2025-11-04T11:51:33.693986,25.6,85.0
2025-11-04T11:51:35.970041,25.6,85.0
2025-11-04T11:51:38.246157,25.6,85.0
2025-11-04T11:51:39.384701,25.6,85.0
2025-11-04T11:51:40.523283,25.6,85.0
2025-11-04T11:51:43.937196,25.6,85.0
2025-11-04T11:51:45.076292,25.6,85.0
2025-11-04T11:51:46.214811,25.6,85.0
2025-11-04T11:51:47.353595,25.6,86.0
2025-11-04T11:51:48.492535,25.6,86.0
2025-11-04T11:51:50.769886,25.6,85.0
2025-11-04T11:51:51.909030,25.6,86.0
2025-11-04T11:51:53.048081,25.6,86.0
2025-11-04T11:51:55.329668,25.6,86.0
2025-11-04T11:51:56.470679,25.6,86.0
2025-11-04T11:51:57.609475,25.6,86.0
2025-11-04T11:51:59.886108,25.6,86.0
2025-11-04T11:52:02.162580,25.6,86.0
2025-11-04T11:52:03.301489,25.6,86.0
2025-11-04T11:52:04.440216,25.6,85.0
2025-11-04T11:52:05.578975,25.6,85.0
2025-11-04T11:52:09.001785,25.6,86.0
2025-11-04T11:52:10.140318,25.6,86.0
2025-11-04T11:52:11.278827,25.7,86.0
2025-11-04T11:52:14.692946,25.6,86.0
2025-11-04T11:52:16.969506,25.6,86.0
2025-11-04T11:52:18.108349,25.6,86.0
2025-11-04T11:52:21.523108,25.6,86.0
2025-11-04T11:52:24.938504,25.6,85.0
2025-11-04T11:52:26.077699,25.7,85.0
2025-11-04T11:52:28.354893,25.6,85.0
2025-11-04T11:52:30.632231,25.6,85.0
2025-11-04T11:52:32.911139,25.6,85.0
2025-11-04T11:52:38.601365,25.6,86.0
2025-11-04T11:52:39.740447,25.6,86.0
2025-11-04T11:52:42.029496,25.6,86.0
2025-11-04T11:52:45.446713,25.6,86.0
2025-11-04T11:52:46.585404,25.6,86.0
2025-11-04T11:52:48.862029,25.6,86.0
2025-11-04T11:52:52.276631,25.6,86.0
2025-11-04T11:52:54.552974,25.6,86.0
2025-11-04T11:53:00.242634,25.6,85.0
2025-11-04T11:53:01.381508,25.6,85.0
2025-11-04T11:53:04.801481,25.6,86.0
2025-11-04T11:53:05.940264,25.6,86.0
2025-11-04T11:53:08.216939,25.6,85.0
2025-11-04T11:53:09.355642,25.6,85.0
2025-11-04T11:53:11.632570,25.6,86.0
2025-11-04T11:53:12.771273,25.6,86.0
2025-11-04T11:53:13.910243,25.6,86.0
2025-11-04T11:53:15.049728,25.6,86.0
2025-11-04T11:53:18.466709,25.6,86.0
2025-11-04T11:53:21.881309,25.6,86.0
2025-11-04T11:53:23.020631,25.6,86.0
2025-11-04T11:53:24.159363,25.6,86.0
2025-11-04T11:53:25.297899,25.6,86.0
2025-11-04T11:53:27.574910,25.6,86.0
2025-11-04T11:53:28.725633,25.6,86.0
2025-11-04T11:53:32.140088,25.6,86.0
2025-11-04T11:53:34.416921,25.6,86.0
2025-11-04T11:53:35.555736,25.6,86.0
2025-11-04T11:53:36.694467,25.6,85.0
2025-11-04T11:53:37.833371,25.6,85.0
2025-11-04T11:53:43.533121,25.6,85.0
2025-11-04T11:53:44.672002,25.6,85.0
2025-11-04T11:53:45.810728,25.6,85.0
2025-11-04T11:53:51.500939,25.6,85.0
2025-11-04T11:53:53.776983,25.6,85.0
2025-11-04T11:53:56.053768,25.6,85.0
2025-11-04T11:53:57.192513,25.6,85.0
2025-11-04T11:53:58.332288,25.6,85.0
2025-11-04T11:54:05.170183,25.6,85.0
2025-11-04T11:54:06.309347,25.6,85.0
2025-11-04T11:54:07.448216,25.6,85.0
2025-11-04T11:54:10.862730,25.6,85.0
2025-11-04T11:54:12.001539,25.6,85.0
2025-11-04T11:54:13.140282,25.6,84.0
2025-11-04T11:54:14.279032,25.6,85.0
2025-11-04T11:54:15.417764,25.6,85.0
2025-11-04T11:54:17.694538,25.6,85.0
2025-11-04T11:54:18.833801,25.6,85.0
2025-11-04T11:54:21.113460,25.6,85.0
2025-11-04T11:54:24.528226,25.6,85.0
2025-11-04T11:54:27.942337,25.6,85.0
2025-11-04T11:54:31.357110,25.6,85.0
2025-11-04T11:54:37.047068,25.6,85.0
2025-11-04T11:54:42.737531,25.7,85.0
2025-11-04T11:54:43.876466,25.6,85.0
2025-11-04T11:54:46.153048,25.6,85.0
2025-11-04T11:54:47.291906,25.6,85.0
2025-11-04T11:54:48.430865,25.6,85.0
2025-11-04T11:54:50.707059,25.6,85.0
2025-11-04T11:54:55.260247,25.6,85.0
2025-11-04T11:54:58.676179,25.6,85.0
2025-11-04T11:55:05.504178,25.6,84.0
2025-11-04T11:55:11.194615,25.6,84.0
2025-11-04T11:55:12.333791,25.6,84.0
2025-11-04T11:55:13.472313,25.6,84.0
2025-11-04T11:55:16.887221,25.6,84.0
2025-11-04T11:55:18.026465,25.6,84.0
2025-11-04T11:55:20.303192,25.6,84.0
2025-11-04T11:55:21.441837,25.6,84.0
2025-11-04T11:55:23.719240,25.6,84.0
2025-11-04T11:55:27.133113,25.6,84.0
2025-11-04T11:55:28.271899,25.6,84.0
2025-11-04T11:55:30.549512,25.6,84.0
2025-11-04T11:55:32.826548,25.6,84.0
2025-11-04T11:55:35.103236,25.6,84.0
2025-11-04T11:55:40.793162,25.6,84.0
2025-11-04T11:55:43.069718,25.6,84.0
2025-11-04T11:55:44.208467,25.6,84.0
2025-11-04T11:55:47.623111,25.6,84.0
2025-11-04T11:55:49.899437,25.7,84.0
2025-11-04T11:55:51.038167,25.6,84.0
2025-11-04T11:55:52.177238,25.6,84.0
2025-11-04T11:55:54.454258,25.7,84.0
2025-11-04T11:55:55.593230,25.6,84.0
2025-11-04T11:55:56.732423,25.6,84.0
2025-11-04T11:55:57.871137,25.7,84.0
2025-11-04T11:55:59.010159,25.6,84.0
2025-11-04T11:56:00.149058,25.7,84.0
2025-11-04T11:56:01.287907,25.7,84.0
2025-11-04T11:56:03.564447,25.7,84.0
2025-11-04T11:56:04.702955,25.7,84.0
2025-11-04T11:56:09.265374,25.7,84.0
2025-11-04T11:56:10.404361,25.6,84.0
2025-11-04T11:56:11.542823,25.7,84.0
2025-11-04T11:56:13.819466,25.6,84.0
2025-11-04T11:56:21.787075,25.7,84.0
2025-11-04T11:56:25.200820,25.7,84.0
2025-11-04T11:56:27.477992,25.6,84.0
2025-11-04T11:56:29.754607,25.6,84.0
2025-11-04T11:56:32.031889,25.6,84.0
2025-11-04T11:56:34.308439,25.6,84.0
2025-11-04T11:56:49.109762,25.6,84.0
2025-11-04T11:56:51.389884,25.6,84.0
2025-11-04T11:56:52.529246,25.6,84.0
2025-11-04T11:56:57.081845,25.6,84.0
2025-11-04T11:57:02.771805,25.6,84.0
2025-11-04T11:57:03.910603,25.6,84.0
2025-11-04T11:57:05.049630,25.6,84.0
2025-11-04T11:57:06.189001,25.6,84.0
2025-11-04T11:57:09.603809,25.6,84.0
2025-11-04T11:57:10.742614,25.6,84.0
2025-11-04T11:57:11.881349,25.7,84.0
2025-11-04T11:57:14.157859,25.7,84.0
2025-11-04T11:57:17.573382,25.6,84.0
2025-11-04T11:57:18.712485,25.6,84.0
2025-11-04T11:57:19.851642,25.6,84.0
2025-11-04T11:57:23.265416,25.6,84.0
2025-11-04T11:57:24.404743,25.6,84.0
2025-11-04T11:57:25.543556,25.6,84.0
2025-11-04T11:57:30.104272,25.6,84.0
2025-11-04T11:57:31.242880,25.7,84.0
2025-11-04T11:57:32.382056,25.7,84.0
2025-11-04T11:57:33.520566,25.7,84.0
2025-11-04T11:57:34.659253,25.6,84.0
2025-11-04T11:57:35.797972,25.7,84.0
2025-11-04T11:57:38.074039,25.7,84.0
2025-11-04T11:57:39.212607,25.6,84.0
2025-11-04T11:57:41.489712,25.7,84.0
2025-11-04T11:57:43.765956,25.7,84.0
2025-11-04T11:57:47.180720,25.6,84.0
2025-11-04T11:57:51.733741,25.6,84.0
2025-11-04T11:57:52.872680,25.7,84.0
2025-11-04T11:57:54.011102,25.6,84.0
2025-11-04T11:57:55.149695,25.7,84.0
2025-11-04T11:57:56.288163,25.6,83.0
2025-11-04T11:57:58.565337,25.7,83.0
2025-11-04T11:57:59.704288,25.7,83.0
2025-11-04T11:58:00.843182,25.7,83.0
2025-11-04T11:58:01.982093,25.7,83.0
2025-11-04T11:58:06.537442,25.7,83.0
2025-11-04T11:58:07.676578,25.6,83.0
2025-11-04T11:58:08.815039,25.7,84.0
2025-11-04T11:58:12.229927,25.7,83.0
2025-11-04T11:58:14.506311,25.7,83.0
2025-11-04T11:58:17.931173,25.7,83.0
2025-11-04T11:58:20.208139,25.7,83.0
2025-11-04T11:58:22.485149,25.6,83.0
2025-11-04T11:58:23.624072,25.7,83.0
2025-11-04T11:58:24.763074,25.7,83.0
2025-11-04T11:58:27.040062,25.7,83.0
2025-11-04T11:58:31.592247,25.6,84.0
2025-11-04T11:58:35.007001,25.7,84.0
2025-11-04T11:58:40.702377,25.7,84.0
2025-11-04T11:58:41.841118,25.7,84.0
2025-11-04T11:58:44.117683,25.7,84.0
2025-11-04T11:58:45.256290,25.7,84.0
2025-11-04T11:58:46.395375,25.6,84.0
2025-11-04T11:58:47.534729,25.6,84.0
2025-11-04T11:58:48.673748,25.6,84.0
2025-11-04T11:58:49.812568,25.6,84.0
2025-11-04T11:58:50.951219,25.6,84.0
2025-11-04T11:58:52.089634,25.6,84.0
2025-11-04T11:58:54.366842,25.7,84.0
2025-11-04T11:58:58.920209,25.7,84.0
2025-11-04T11:59:00.058996,25.6,84.0
2025-11-04T11:59:02.336059,25.6,84.0
2025-11-04T11:59:03.474748,25.6,84.0
2025-11-04T11:59:04.613597,25.6,84.0
2025-11-04T11:59:06.890132,25.6,83.0
2025-11-04T11:59:08.029336,25.6,83.0
2025-11-04T11:59:10.306674,25.6,83.0
2025-11-04T11:59:11.445636,25.6,84.0
2025-11-04T11:59:12.584363,25.6,84.0
2025-11-04T11:59:15.998501,25.6,84.0
2025-11-04T11:59:17.137137,25.6,84.0
2025-11-04T11:59:19.414181,25.6,84.0
2025-11-04T11:59:22.830937,25.6,84.0
2025-11-04T11:59:23.969696,25.6,84.0
2025-11-04T11:59:25.112838,25.6,84.0
2025-11-04T11:59:31.940988,25.7,84.0
2025-11-04T11:59:33.079929,25.6,84.0
2025-11-04T11:59:34.218657,25.6,84.0
2025-11-04T11:59:37.640519,25.6,84.0
2025-11-04T11:59:38.779023,25.6,84.0
2025-11-04T11:59:39.917460,25.6,84.0
2025-11-04T11:59:44.469683,25.6,84.0
2025-11-04T11:59:46.746400,25.6,84.0
2025-11-04T11:59:52.435553,25.6,84.0
2025-11-04T11:59:54.712282,25.6,84.0
2025-11-04T11:59:55.850943,25.6,84.0
2025-11-04T11:59:56.989595,25.6,84.0
2025-11-04T11:59:58.128192,25.6,84.0
2025-11-04T11:59:59.267063,25.6,84.0
2025-11-04T12:00:00.407982,25.6,84.0
2025-11-04T12:00:01.546730,25.6,84.0
2025-11-04T12:00:02.692612,25.6,84.0
2025-11-04T12:00:04.968923,25.6,84.0
2025-11-04T12:00:07.245407,25.6,84.0
2025-11-04T12:00:08.384716,25.6,84.0
2025-11-04T12:00:10.661341,25.6,84.0
2025-11-04T12:00:12.937460,25.6,84.0
2025-11-04T12:00:15.213781,25.6,84.0
2025-11-04T12:00:16.352277,25.6,84.0
2025-11-04T12:00:18.628747,25.6,84.0
2025-11-04T12:00:19.767631,25.6,84.0
2025-11-04T12:00:20.906489,25.6,84.0
2025-11-04T12:00:22.049361,25.6,84.0
2025-11-04T12:00:23.188488,25.6,84.0
2025-11-04T12:00:25.466359,25.6,84.0
2025-11-04T12:00:26.605394,25.6,84.0
2025-11-04T12:00:28.885718,25.6,84.0
2025-11-04T12:00:31.162729,25.6,84.0
2025-11-04T12:00:33.440061,25.6,84.0
2025-11-04T12:00:34.580185,25.6,84.0
2025-11-04T12:00:39.131834,25.6,84.0
2025-11-04T12:00:40.270980,25.6,84.0
2025-11-04T12:00:41.411026,25.6,84.0
2025-11-04T12:00:42.549946,25.6,84.0
2025-11-04T12:00:44.826721,25.6,84.0
2025-11-04T12:00:49.379136,25.6,84.0
2025-11-04T12:00:51.655315,25.6,84.0
2025-11-04T12:00:53.932003,25.6,84.0
2025-11-04T12:00:55.071980,25.7,83.0
2025-11-04T12:00:56.211129,25.6,84.0
2025-11-04T12:00:59.625736,25.6,84.0
2025-11-04T12:01:01.902566,25.6,84.0
2025-11-04T12:01:03.041446,25.6,84.0
2025-11-04T12:01:07.592855,25.6,84.0
2025-11-04T12:01:09.869356,25.6,84.0
2025-11-04T12:01:12.145988,25.6,84.0
2025-11-04T12:01:16.697766,25.6,84.0
2025-11-04T12:01:17.836979,25.6,84.0
2025-11-04T12:01:18.976024,25.6,84.0
2025-11-04T12:01:20.114704,25.6,84.0
2025-11-04T12:01:23.528863,25.6,84.0
2025-11-04T12:01:29.218721,25.6,84.0
2025-11-04T12:01:30.357646,25.6,84.0
2025-11-04T12:01:32.634716,25.6,84.0
2025-11-04T12:01:33.773500,25.6,84.0
2025-11-04T12:01:34.912383,25.6,84.0
2025-11-04T12:01:36.050886,25.6,84.0
2025-11-04T12:01:37.190054,25.6,84.0
2025-11-04T12:01:39.466978,25.6,84.0
2025-11-04T12:01:40.605830,25.6,84.0
2025-11-04T12:01:41.744557,25.6,84.0
2025-11-04T12:01:42.883243,25.6,84.0
2025-11-04T12:01:45.159755,25.6,84.0
2025-11-04T12:01:46.297970,25.6,85.0
2025-11-04T12:01:47.436633,25.6,84.0
2025-11-04T12:01:51.989114,25.6,84.0
2025-11-04T12:01:56.545043,25.6,84.0
2025-11-04T12:02:01.098004,25.6,84.0
2025-11-04T12:02:03.374984,25.6,84.0
2025-11-04T12:02:04.513987,25.6,84.0
2025-11-04T12:02:06.790371,25.6,84.0
2025-11-04T12:02:07.931263,25.6,84.0
2025-11-04T12:02:09.069705,25.6,84.0
2025-11-04T12:02:11.345858,25.6,84.0
2025-11-04T12:02:12.484710,25.6,84.0
2025-11-04T12:02:13.625219,25.6,84.0
2025-11-04T12:02:15.902479,25.6,84.0
2025-11-04T12:02:18.179135,25.6,84.0
2025-11-04T12:02:21.594146,25.6,84.0
2025-11-04T12:02:22.732971,25.6,84.0
2025-11-04T12:02:23.871439,25.6,84.0
2025-11-04T12:02:25.010034,25.6,84.0
2025-11-04T12:02:26.148713,25.6,84.0
2025-11-04T12:02:29.566995,25.6,84.0
2025-11-04T12:02:31.843187,25.7,84.0
2025-11-04T12:02:34.119626,25.6,84.0
2025-11-04T12:02:35.260531,25.6,84.0
2025-11-04T12:02:38.675241,25.6,84.0
2025-11-04T12:02:46.640584,25.6,84.0
2025-11-04T12:02:47.779139,25.6,84.0
2025-11-04T12:02:48.917655,25.7,84.0
2025-11-04T12:02:51.193863,25.6,84.0
2025-11-04T12:02:52.332743,25.7,84.0
2025-11-04T12:02:53.471100,25.6,84.0
2025-11-04T12:02:54.609782,25.6,84.0
2025-11-04T12:02:55.748460,25.7,84.0
2025-11-04T12:02:58.025500,25.7,84.0
2025-11-04T12:02:59.164473,25.7,84.0
2025-11-04T12:03:01.442882,25.7,84.0
2025-11-04T12:03:04.856976,25.7,84.0
2025-11-04T12:03:07.133150,25.7,84.0
2025-11-04T12:03:09.409724,25.7,84.0
2025-11-04T12:03:13.962088,25.6,84.0
2025-11-04T12:03:15.101067,25.7,84.0
2025-11-04T12:03:16.242532,25.7,83.0
2025-11-04T12:03:17.381676,25.7,83.0
2025-11-04T12:03:20.796723,25.7,83.0
2025-11-04T12:03:21.935983,25.7,83.0
2025-11-04T12:03:27.628570,25.7,83.0
2025-11-04T12:03:29.905503,25.7,83.0
2025-11-04T12:03:32.182044,25.7,84.0
2025-11-04T12:03:34.460605,25.7,84.0
2025-11-04T12:03:36.737486,25.7,83.0
2025-11-04T12:03:37.876388,25.6,83.0
2025-11-04T12:03:41.290734,25.6,83.0
2025-11-04T12:03:44.705165,25.6,83.0
2025-11-04T12:03:45.843919,25.7,84.0
2025-11-04T12:03:46.982522,25.7,84.0
2025-11-04T12:03:50.399885,25.7,84.0
2025-11-04T12:03:51.538482,25.7,84.0
2025-11-04T12:03:52.678229,25.7,84.0
2025-11-04T12:03:54.957461,25.7,84.0
2025-11-04T12:03:57.233785,25.7,84.0
2025-11-04T12:03:58.372756,25.7,84.0
2025-11-04T12:04:00.649455,25.6,84.0
2025-11-04T12:04:05.201438,25.7,84.0
2025-11-04T12:04:12.029744,25.7,84.0
2025-11-04T12:04:16.581377,25.7,84.0
2025-11-04T12:04:17.719878,25.7,84.0
2025-11-04T12:04:18.858724,25.7,84.0
2025-11-04T12:04:19.997453,25.7,84.0
2025-11-04T12:04:23.412462,25.6,84.0
2025-11-04T12:04:25.697625,25.6,84.0
2025-11-04T12:04:26.836577,25.7,84.0
2025-11-04T12:04:29.113028,25.6,83.0
2025-11-04T12:04:30.252140,25.7,83.0
2025-11-04T12:04:33.667588,25.7,83.0
2025-11-04T12:04:35.944208,25.7,83.0
2025-11-04T12:04:38.220376,25.6,83.0
2025-11-04T12:04:40.496621,25.7,83.0
2025-11-04T12:04:42.773543,25.7,83.0
2025-11-04T12:04:43.912676,25.7,83.0
2025-11-04T12:04:45.051601,25.7,83.0
2025-11-04T12:04:47.328385,25.6,83.0
2025-11-04T12:04:48.467239,25.7,83.0
2025-11-04T12:04:49.606990,25.7,83.0
2025-11-04T12:04:51.884060,25.7,83.0
2025-11-04T12:04:53.022891,25.7,83.0
2025-11-04T12:04:54.161805,25.7,83.0
2025-11-04T12:04:56.439149,25.7,83.0
2025-11-04T12:04:57.577897,25.6,83.0
2025-11-04T12:05:00.994742,25.6,83.0
2025-11-04T12:05:02.133517,25.6,83.0
2025-11-04T12:05:06.686515,25.7,83.0
2025-11-04T12:05:07.825589,25.6,83.0
2025-11-04T12:05:08.964700,25.7,83.0
2025-11-04T12:05:10.105724,25.7,83.0
2025-11-04T12:05:11.244693,25.7,83.0
2025-11-04T12:05:13.521465,25.7,83.0
2025-11-04T12:05:15.797993,25.6,83.0
2025-11-04T12:05:16.936935,25.7,83.0
2025-11-04T12:05:18.076056,25.6,83.0
2025-11-04T12:05:19.214944,25.7,84.0
2025-11-04T12:05:21.492073,25.7,84.0
2025-11-04T12:05:23.775281,25.7,84.0
2025-11-04T12:05:24.913690,25.7,84.0
2025-11-04T12:05:31.744021,25.7,84.0
2025-11-04T12:05:34.033501,25.6,84.0
2025-11-04T12:05:35.173353,25.6,84.0
2025-11-04T12:05:39.726064,25.6,84.0
2025-11-04T12:05:40.864922,25.6,84.0
2025-11-04T12:05:43.141526,25.7,84.0
2025-11-04T12:05:46.563115,25.6,84.0
2025-11-04T12:05:48.839190,25.6,84.0
2025-11-04T12:05:51.115898,25.6,84.0
2025-11-04T12:05:52.254706,25.6,84.0
2025-11-04T12:05:53.393539,25.6,84.0
2025-11-04T12:05:54.532570,25.7,84.0
2025-11-04T12:05:56.809618,25.6,84.0
2025-11-04T12:05:59.085630,25.6,84.0
